cohort,method,scenario,k,attempted_rows,completed_rows,metric,value,unit,status,eligible_rows,unavailable_rows,family_count
common_live_development,anotherme_offline,S1,5,72,22,dls_cell_entropy_bits,,bit,not_available,0,72,0
common_live_development,anotherme_offline,S1,5,72,22,eie_point_estimate_m,2126.5575646433585,m,conditional,22,50,5
common_live_development,anotherme_offline,S1,5,72,22,fake_query_indistinguishable_paths,,paths/pair,not_available,0,72,0
common_live_development,anotherme_offline,S1,5,72,22,generation_ms_per_event,,ms/event,not_available,0,72,0
common_live_development,anotherme_offline,S1,5,72,22,semantic_asr_percent,,%,not_available,0,72,0
common_live_development,anotherme_offline,S1,5,72,22,semantic_der,,ratio,not_available,0,72,0
common_live_development,anotherme_offline,S1,5,72,22,single_release_displacement_m,,m,not_available,0,72,0
common_live_development,anotherme_offline,S1,5,72,22,transprotect_delta_cost,,m,not_available,0,72,0
common_live_development,anotherme_offline,S10,5,64,12,dls_cell_entropy_bits,,bit,not_available,0,64,0
common_live_development,anotherme_offline,S10,5,64,12,eie_point_estimate_m,1640.0980918583643,m,conditional,12,52,4
common_live_development,anotherme_offline,S10,5,64,12,fake_query_indistinguishable_paths,,paths/pair,not_available,0,64,0
common_live_development,anotherme_offline,S10,5,64,12,generation_ms_per_event,,ms/event,not_available,0,64,0
common_live_development,anotherme_offline,S10,5,64,12,semantic_asr_percent,,%,not_available,0,64,0
common_live_development,anotherme_offline,S10,5,64,12,semantic_der,,ratio,not_available,0,64,0
common_live_development,anotherme_offline,S10,5,64,12,single_release_displacement_m,,m,not_available,0,64,0
common_live_development,anotherme_offline,S10,5,64,12,transprotect_delta_cost,,m,not_available,0,64,0
common_live_development,anotherme_offline,S2,5,72,0,dls_cell_entropy_bits,,bit,not_available,0,72,0
common_live_development,anotherme_offline,S2,5,72,0,eie_point_estimate_m,,m,not_available,0,72,0
common_live_development,anotherme_offline,S2,5,72,0,fake_query_indistinguishable_paths,,paths/pair,not_available,0,72,0
common_live_development,anotherme_offline,S2,5,72,0,generation_ms_per_event,,ms/event,not_available,0,72,0
common_live_development,anotherme_offline,S2,5,72,0,semantic_asr_percent,,%,not_available,0,72,0
common_live_development,anotherme_offline,S2,5,72,0,semantic_der,,ratio,not_available,0,72,0
common_live_development,anotherme_offline,S2,5,72,0,single_release_displacement_m,,m,not_available,0,72,0
common_live_development,anotherme_offline,S2,5,72,0,transprotect_delta_cost,,m,not_available,0,72,0
common_live_development,anotherme_offline,S3,5,70,30,dls_cell_entropy_bits,,bit,not_available,0,70,0
common_live_development,anotherme_offline,S3,5,70,30,eie_point_estimate_m,1518.5195544261853,m,conditional,30,40,5
common_live_development,anotherme_offline,S3,5,70,30,fake_query_indistinguishable_paths,,paths/pair,not_available,0,70,0
common_live_development,anotherme_offline,S3,5,70,30,generation_ms_per_event,,ms/event,not_available,0,70,0
common_live_development,anotherme_offline,S3,5,70,30,semantic_asr_percent,,%,not_available,0,70,0
common_live_development,anotherme_offline,S3,5,70,30,semantic_der,,ratio,not_available,0,70,0
common_live_development,anotherme_offline,S3,5,70,30,single_release_displacement_m,,m,not_available,0,70,0
common_live_development,anotherme_offline,S3,5,70,30,transprotect_delta_cost,,m,not_available,0,70,0
common_live_development,anotherme_offline,S9,5,68,22,dls_cell_entropy_bits,,bit,not_available,0,68,0
common_live_development,anotherme_offline,S9,5,68,22,eie_point_estimate_m,1756.9449650367562,m,conditional,22,46,5
common_live_development,anotherme_offline,S9,5,68,22,fake_query_indistinguishable_paths,,paths/pair,not_available,0,68,0
common_live_development,anotherme_offline,S9,5,68,22,generation_ms_per_event,,ms/event,not_available,0,68,0
common_live_development,anotherme_offline,S9,5,68,22,semantic_asr_percent,,%,not_available,0,68,0
common_live_development,anotherme_offline,S9,5,68,22,semantic_der,,ratio,not_available,0,68,0
common_live_development,anotherme_offline,S9,5,68,22,single_release_displacement_m,,m,not_available,0,68,0
common_live_development,anotherme_offline,S9,5,68,22,transprotect_delta_cost,,m,not_available,0,68,0
common_live_development,dls,S1,5,72,72,dls_cell_entropy_bits,,bit,not_available,0,72,0
common_live_development,dls,S1,5,72,72,eie_point_estimate_m,1728.9662537719717,m,computed,72,0,12
common_live_development,dls,S1,5,72,72,fake_query_indistinguishable_paths,,paths/pair,not_available,0,72,0
common_live_development,dls,S1,5,72,72,generation_ms_per_event,,ms/event,not_available,0,72,0
common_live_development,dls,S1,5,72,72,semantic_asr_percent,,%,not_available,0,72,0
common_live_development,dls,S1,5,72,72,semantic_der,,ratio,not_available,0,72,0
common_live_development,dls,S1,5,72,72,single_release_displacement_m,,m,not_available,0,72,0
common_live_development,dls,S1,5,72,72,transprotect_delta_cost,,m,not_available,0,72,0
common_live_development,dls,S10,5,64,64,dls_cell_entropy_bits,,bit,not_available,0,64,0
common_live_development,dls,S10,5,64,64,eie_point_estimate_m,540.0038063774213,m,computed,64,0,12
common_live_development,dls,S10,5,64,64,fake_query_indistinguishable_paths,,paths/pair,not_available,0,64,0
common_live_development,dls,S10,5,64,64,generation_ms_per_event,,ms/event,not_available,0,64,0
common_live_development,dls,S10,5,64,64,semantic_asr_percent,,%,not_available,0,64,0
common_live_development,dls,S10,5,64,64,semantic_der,,ratio,not_available,0,64,0
common_live_development,dls,S10,5,64,64,single_release_displacement_m,,m,not_available,0,64,0
common_live_development,dls,S10,5,64,64,transprotect_delta_cost,,m,not_available,0,64,0
common_live_development,dls,S2,5,72,72,dls_cell_entropy_bits,,bit,not_available,0,72,0
common_live_development,dls,S2,5,72,72,eie_point_estimate_m,1801.7308631944295,m,computed,72,0,12
common_live_development,dls,S2,5,72,72,fake_query_indistinguishable_paths,,paths/pair,not_available,0,72,0
common_live_development,dls,S2,5,72,72,generation_ms_per_event,,ms/event,not_available,0,72,0
common_live_development,dls,S2,5,72,72,semantic_asr_percent,,%,not_available,0,72,0
common_live_development,dls,S2,5,72,72,semantic_der,,ratio,not_available,0,72,0
common_live_development,dls,S2,5,72,72,single_release_displacement_m,,m,not_available,0,72,0
common_live_development,dls,S2,5,72,72,transprotect_delta_cost,,m,not_available,0,72,0
common_live_development,dls,S3,5,70,70,dls_cell_entropy_bits,,bit,not_available,0,70,0
common_live_development,dls,S3,5,70,70,eie_point_estimate_m,84.06825846107523,m,computed,70,0,12
common_live_development,dls,S3,5,70,70,fake_query_indistinguishable_paths,,paths/pair,not_available,0,70,0
common_live_development,dls,S3,5,70,70,generation_ms_per_event,,ms/event,not_available,0,70,0
common_live_development,dls,S3,5,70,70,semantic_asr_percent,,%,not_available,0,70,0
common_live_development,dls,S3,5,70,70,semantic_der,,ratio,not_available,0,70,0
common_live_development,dls,S3,5,70,70,single_release_displacement_m,,m,not_available,0,70,0
common_live_development,dls,S3,5,70,70,transprotect_delta_cost,,m,not_available,0,70,0
common_live_development,dls,S9,5,68,68,dls_cell_entropy_bits,,bit,not_available,0,68,0
common_live_development,dls,S9,5,68,68,eie_point_estimate_m,655.9428619530664,m,computed,68,0,12
common_live_development,dls,S9,5,68,68,fake_query_indistinguishable_paths,,paths/pair,not_available,0,68,0
common_live_development,dls,S9,5,68,68,generation_ms_per_event,,ms/event,not_available,0,68,0
common_live_development,dls,S9,5,68,68,semantic_asr_percent,,%,not_available,0,68,0
common_live_development,dls,S9,5,68,68,semantic_der,,ratio,not_available,0,68,0
common_live_development,dls,S9,5,68,68,single_release_displacement_m,,m,not_available,0,68,0
common_live_development,dls,S9,5,68,68,transprotect_delta_cost,,m,not_available,0,68,0
common_live_development,fake_queries,S1,5,72,72,dls_cell_entropy_bits,,bit,not_available,0,72,0
common_live_development,fake_queries,S1,5,72,72,eie_point_estimate_m,1851.3819068690757,m,computed,72,0,12
common_live_development,fake_queries,S1,5,72,72,fake_query_indistinguishable_paths,,paths/pair,not_available,0,72,0
common_live_development,fake_queries,S1,5,72,72,generation_ms_per_event,,ms/event,not_available,0,72,0
common_live_development,fake_queries,S1,5,72,72,semantic_asr_percent,,%,not_available,0,72,0
common_live_development,fake_queries,S1,5,72,72,semantic_der,,ratio,not_available,0,72,0
common_live_development,fake_queries,S1,5,72,72,single_release_displacement_m,,m,not_available,0,72,0
common_live_development,fake_queries,S1,5,72,72,transprotect_delta_cost,,m,not_available,0,72,0
common_live_development,fake_queries,S10,5,64,64,dls_cell_entropy_bits,,bit,not_available,0,64,0
common_live_development,fake_queries,S10,5,64,64,eie_point_estimate_m,559.1880307260586,m,computed,64,0,12
common_live_development,fake_queries,S10,5,64,64,fake_query_indistinguishable_paths,,paths/pair,not_available,0,64,0
common_live_development,fake_queries,S10,5,64,64,generation_ms_per_event,,ms/event,not_available,0,64,0
common_live_development,fake_queries,S10,5,64,64,semantic_asr_percent,,%,not_available,0,64,0
common_live_development,fake_queries,S10,5,64,64,semantic_der,,ratio,not_available,0,64,0
common_live_development,fake_queries,S10,5,64,64,single_release_displacement_m,,m,not_available,0,64,0
common_live_development,fake_queries,S10,5,64,64,transprotect_delta_cost,,m,not_available,0,64,0
common_live_development,fake_queries,S2,5,72,72,dls_cell_entropy_bits,,bit,not_available,0,72,0
common_live_development,fake_queries,S2,5,72,72,eie_point_estimate_m,1381.0104386348696,m,computed,72,0,12
common_live_development,fake_queries,S2,5,72,72,fake_query_indistinguishable_paths,,paths/pair,not_available,0,72,0
common_live_development,fake_queries,S2,5,72,72,generation_ms_per_event,,ms/event,not_available,0,72,0
common_live_development,fake_queries,S2,5,72,72,semantic_asr_percent,,%,not_available,0,72,0
common_live_development,fake_queries,S2,5,72,72,semantic_der,,ratio,not_available,0,72,0
common_live_development,fake_queries,S2,5,72,72,single_release_displacement_m,,m,not_available,0,72,0
common_live_development,fake_queries,S2,5,72,72,transprotect_delta_cost,,m,not_available,0,72,0
common_live_development,fake_queries,S3,5,70,70,dls_cell_entropy_bits,,bit,not_available,0,70,0
common_live_development,fake_queries,S3,5,70,70,eie_point_estimate_m,60.49918555309898,m,computed,70,0,12
common_live_development,fake_queries,S3,5,70,70,fake_query_indistinguishable_paths,,paths/pair,not_available,0,70,0
common_live_development,fake_queries,S3,5,70,70,generation_ms_per_event,,ms/event,not_available,0,70,0
common_live_development,fake_queries,S3,5,70,70,semantic_asr_percent,,%,not_available,0,70,0
common_live_development,fake_queries,S3,5,70,70,semantic_der,,ratio,not_available,0,70,0
common_live_development,fake_queries,S3,5,70,70,single_release_displacement_m,,m,not_available,0,70,0
common_live_development,fake_queries,S3,5,70,70,transprotect_delta_cost,,m,not_available,0,70,0
common_live_development,fake_queries,S9,5,68,68,dls_cell_entropy_bits,,bit,not_available,0,68,0
common_live_development,fake_queries,S9,5,68,68,eie_point_estimate_m,877.2423970814002,m,computed,68,0,12
common_live_development,fake_queries,S9,5,68,68,fake_query_indistinguishable_paths,,paths/pair,not_available,0,68,0
common_live_development,fake_queries,S9,5,68,68,generation_ms_per_event,,ms/event,not_available,0,68,0
common_live_development,fake_queries,S9,5,68,68,semantic_asr_percent,,%,not_available,0,68,0
common_live_development,fake_queries,S9,5,68,68,semantic_der,,ratio,not_available,0,68,0
common_live_development,fake_queries,S9,5,68,68,single_release_displacement_m,,m,not_available,0,68,0
common_live_development,fake_queries,S9,5,68,68,transprotect_delta_cost,,m,not_available,0,68,0
common_live_development,raw,S1,5,72,72,dls_cell_entropy_bits,,bit,not_available,0,72,0
common_live_development,raw,S1,5,72,72,eie_point_estimate_m,4.057538283906789,m,computed,72,0,12
common_live_development,raw,S1,5,72,72,fake_query_indistinguishable_paths,,paths/pair,not_available,0,72,0
common_live_development,raw,S1,5,72,72,generation_ms_per_event,,ms/event,not_available,0,72,0
common_live_development,raw,S1,5,72,72,semantic_asr_percent,,%,not_available,0,72,0
common_live_development,raw,S1,5,72,72,semantic_der,,ratio,not_available,0,72,0
common_live_development,raw,S1,5,72,72,single_release_displacement_m,,m,not_available,0,72,0
common_live_development,raw,S1,5,72,72,transprotect_delta_cost,,m,not_available,0,72,0
common_live_development,raw,S10,5,64,64,dls_cell_entropy_bits,,bit,not_available,0,64,0
common_live_development,raw,S10,5,64,64,eie_point_estimate_m,576.0619181041986,m,computed,64,0,12
common_live_development,raw,S10,5,64,64,fake_query_indistinguishable_paths,,paths/pair,not_available,0,64,0
common_live_development,raw,S10,5,64,64,generation_ms_per_event,,ms/event,not_available,0,64,0
common_live_development,raw,S10,5,64,64,semantic_asr_percent,,%,not_available,0,64,0
common_live_development,raw,S10,5,64,64,semantic_der,,ratio,not_available,0,64,0
common_live_development,raw,S10,5,64,64,single_release_displacement_m,,m,not_available,0,64,0
common_live_development,raw,S10,5,64,64,transprotect_delta_cost,,m,not_available,0,64,0
common_live_development,raw,S2,5,72,72,dls_cell_entropy_bits,,bit,not_available,0,72,0
common_live_development,raw,S2,5,72,72,eie_point_estimate_m,2.3513909429748203,m,computed,72,0,12
common_live_development,raw,S2,5,72,72,fake_query_indistinguishable_paths,,paths/pair,not_available,0,72,0
common_live_development,raw,S2,5,72,72,generation_ms_per_event,,ms/event,not_available,0,72,0
common_live_development,raw,S2,5,72,72,semantic_asr_percent,,%,not_available,0,72,0
common_live_development,raw,S2,5,72,72,semantic_der,,ratio,not_available,0,72,0
common_live_development,raw,S2,5,72,72,single_release_displacement_m,,m,not_available,0,72,0
common_live_development,raw,S2,5,72,72,transprotect_delta_cost,,m,not_available,0,72,0
common_live_development,raw,S3,5,70,70,dls_cell_entropy_bits,,bit,not_available,0,70,0
common_live_development,raw,S3,5,70,70,eie_point_estimate_m,4.443230214615046,m,computed,70,0,12
common_live_development,raw,S3,5,70,70,fake_query_indistinguishable_paths,,paths/pair,not_available,0,70,0
common_live_development,raw,S3,5,70,70,generation_ms_per_event,,ms/event,not_available,0,70,0
common_live_development,raw,S3,5,70,70,semantic_asr_percent,,%,not_available,0,70,0
common_live_development,raw,S3,5,70,70,semantic_der,,ratio,not_available,0,70,0
common_live_development,raw,S3,5,70,70,single_release_displacement_m,,m,not_available,0,70,0
common_live_development,raw,S3,5,70,70,transprotect_delta_cost,,m,not_available,0,70,0
common_live_development,raw,S9,5,68,68,dls_cell_entropy_bits,,bit,not_available,0,68,0
common_live_development,raw,S9,5,68,68,eie_point_estimate_m,216.99574103687382,m,computed,68,0,12
common_live_development,raw,S9,5,68,68,fake_query_indistinguishable_paths,,paths/pair,not_available,0,68,0
common_live_development,raw,S9,5,68,68,generation_ms_per_event,,ms/event,not_available,0,68,0
common_live_development,raw,S9,5,68,68,semantic_asr_percent,,%,not_available,0,68,0
common_live_development,raw,S9,5,68,68,semantic_der,,ratio,not_available,0,68,0
common_live_development,raw,S9,5,68,68,single_release_displacement_m,,m,not_available,0,68,0
common_live_development,raw,S9,5,68,68,transprotect_delta_cost,,m,not_available,0,68,0
common_live_development,rdg,S1,5,72,72,dls_cell_entropy_bits,,bit,not_available,0,72,0
common_live_development,rdg,S1,5,72,72,eie_point_estimate_m,2093.451739755941,m,computed,72,0,12
common_live_development,rdg,S1,5,72,72,fake_query_indistinguishable_paths,,paths/pair,not_available,0,72,0
common_live_development,rdg,S1,5,72,72,generation_ms_per_event,,ms/event,not_available,0,72,0
common_live_development,rdg,S1,5,72,72,semantic_asr_percent,,%,not_available,0,72,0
common_live_development,rdg,S1,5,72,72,semantic_der,,ratio,not_available,0,72,0
common_live_development,rdg,S1,5,72,72,single_release_displacement_m,,m,not_available,0,72,0
common_live_development,rdg,S1,5,72,72,transprotect_delta_cost,,m,not_available,0,72,0
common_live_development,rdg,S10,5,64,64,dls_cell_entropy_bits,,bit,not_available,0,64,0
common_live_development,rdg,S10,5,64,64,eie_point_estimate_m,1122.0253832879698,m,computed,64,0,12
common_live_development,rdg,S10,5,64,64,fake_query_indistinguishable_paths,,paths/pair,not_available,0,64,0
common_live_development,rdg,S10,5,64,64,generation_ms_per_event,,ms/event,not_available,0,64,0
common_live_development,rdg,S10,5,64,64,semantic_asr_percent,,%,not_available,0,64,0
common_live_development,rdg,S10,5,64,64,semantic_der,,ratio,not_available,0,64,0
common_live_development,rdg,S10,5,64,64,single_release_displacement_m,,m,not_available,0,64,0
common_live_development,rdg,S10,5,64,64,transprotect_delta_cost,,m,not_available,0,64,0
common_live_development,rdg,S2,5,72,72,dls_cell_entropy_bits,,bit,not_available,0,72,0
common_live_development,rdg,S2,5,72,72,eie_point_estimate_m,1773.9991272698537,m,computed,72,0,12
common_live_development,rdg,S2,5,72,72,fake_query_indistinguishable_paths,,paths/pair,not_available,0,72,0
common_live_development,rdg,S2,5,72,72,generation_ms_per_event,,ms/event,not_available,0,72,0
common_live_development,rdg,S2,5,72,72,semantic_asr_percent,,%,not_available,0,72,0
common_live_development,rdg,S2,5,72,72,semantic_der,,ratio,not_available,0,72,0
common_live_development,rdg,S2,5,72,72,single_release_displacement_m,,m,not_available,0,72,0
common_live_development,rdg,S2,5,72,72,transprotect_delta_cost,,m,not_available,0,72,0
common_live_development,rdg,S3,5,70,70,dls_cell_entropy_bits,,bit,not_available,0,70,0
common_live_development,rdg,S3,5,70,70,eie_point_estimate_m,126.50343680727075,m,computed,70,0,12
common_live_development,rdg,S3,5,70,70,fake_query_indistinguishable_paths,,paths/pair,not_available,0,70,0
common_live_development,rdg,S3,5,70,70,generation_ms_per_event,,ms/event,not_available,0,70,0
common_live_development,rdg,S3,5,70,70,semantic_asr_percent,,%,not_available,0,70,0
common_live_development,rdg,S3,5,70,70,semantic_der,,ratio,not_available,0,70,0
common_live_development,rdg,S3,5,70,70,single_release_displacement_m,,m,not_available,0,70,0
common_live_development,rdg,S3,5,70,70,transprotect_delta_cost,,m,not_available,0,70,0
common_live_development,rdg,S9,5,68,68,dls_cell_entropy_bits,,bit,not_available,0,68,0
common_live_development,rdg,S9,5,68,68,eie_point_estimate_m,1245.1239747220077,m,computed,68,0,12
common_live_development,rdg,S9,5,68,68,fake_query_indistinguishable_paths,,paths/pair,not_available,0,68,0
common_live_development,rdg,S9,5,68,68,generation_ms_per_event,,ms/event,not_available,0,68,0
common_live_development,rdg,S9,5,68,68,semantic_asr_percent,,%,not_available,0,68,0
common_live_development,rdg,S9,5,68,68,semantic_der,,ratio,not_available,0,68,0
common_live_development,rdg,S9,5,68,68,single_release_displacement_m,,m,not_available,0,68,0
common_live_development,rdg,S9,5,68,68,transprotect_delta_cost,,m,not_available,0,68,0
common_live_development,semantic_poi,S1,5,72,72,dls_cell_entropy_bits,,bit,not_available,0,72,0
common_live_development,semantic_poi,S1,5,72,72,eie_point_estimate_m,57.80940533128958,m,computed,72,0,12
common_live_development,semantic_poi,S1,5,72,72,fake_query_indistinguishable_paths,,paths/pair,not_available,0,72,0
common_live_development,semantic_poi,S1,5,72,72,generation_ms_per_event,,ms/event,not_available,0,72,0
common_live_development,semantic_poi,S1,5,72,72,semantic_asr_percent,,%,not_available,0,72,0
common_live_development,semantic_poi,S1,5,72,72,semantic_der,,ratio,not_available,0,72,0
common_live_development,semantic_poi,S1,5,72,72,single_release_displacement_m,,m,not_available,0,72,0
common_live_development,semantic_poi,S1,5,72,72,transprotect_delta_cost,,m,not_available,0,72,0
common_live_development,semantic_poi,S10,5,64,64,dls_cell_entropy_bits,,bit,not_available,0,64,0
common_live_development,semantic_poi,S10,5,64,64,eie_point_estimate_m,577.6651410241446,m,computed,64,0,12
common_live_development,semantic_poi,S10,5,64,64,fake_query_indistinguishable_paths,,paths/pair,not_available,0,64,0
common_live_development,semantic_poi,S10,5,64,64,generation_ms_per_event,,ms/event,not_available,0,64,0
common_live_development,semantic_poi,S10,5,64,64,semantic_asr_percent,,%,not_available,0,64,0
common_live_development,semantic_poi,S10,5,64,64,semantic_der,,ratio,not_available,0,64,0
common_live_development,semantic_poi,S10,5,64,64,single_release_displacement_m,,m,not_available,0,64,0
common_live_development,semantic_poi,S10,5,64,64,transprotect_delta_cost,,m,not_available,0,64,0
common_live_development,semantic_poi,S2,5,72,72,dls_cell_entropy_bits,,bit,not_available,0,72,0
common_live_development,semantic_poi,S2,5,72,72,eie_point_estimate_m,12.034523109678972,m,computed,72,0,12
common_live_development,semantic_poi,S2,5,72,72,fake_query_indistinguishable_paths,,paths/pair,not_available,0,72,0
common_live_development,semantic_poi,S2,5,72,72,generation_ms_per_event,,ms/event,not_available,0,72,0
common_live_development,semantic_poi,S2,5,72,72,semantic_asr_percent,,%,not_available,0,72,0
common_live_development,semantic_poi,S2,5,72,72,semantic_der,,ratio,not_available,0,72,0
common_live_development,semantic_poi,S2,5,72,72,single_release_displacement_m,,m,not_available,0,72,0
common_live_development,semantic_poi,S2,5,72,72,transprotect_delta_cost,,m,not_available,0,72,0
common_live_development,semantic_poi,S3,5,70,70,dls_cell_entropy_bits,,bit,not_available,0,70,0
common_live_development,semantic_poi,S3,5,70,70,eie_point_estimate_m,58.44633893187986,m,computed,70,0,12
common_live_development,semantic_poi,S3,5,70,70,fake_query_indistinguishable_paths,,paths/pair,not_available,0,70,0
common_live_development,semantic_poi,S3,5,70,70,generation_ms_per_event,,ms/event,not_available,0,70,0
common_live_development,semantic_poi,S3,5,70,70,semantic_asr_percent,,%,not_available,0,70,0
common_live_development,semantic_poi,S3,5,70,70,semantic_der,,ratio,not_available,0,70,0
common_live_development,semantic_poi,S3,5,70,70,single_release_displacement_m,,m,not_available,0,70,0
common_live_development,semantic_poi,S3,5,70,70,transprotect_delta_cost,,m,not_available,0,70,0
common_live_development,semantic_poi,S9,5,68,68,dls_cell_entropy_bits,,bit,not_available,0,68,0
common_live_development,semantic_poi,S9,5,68,68,eie_point_estimate_m,343.12473889162794,m,computed,68,0,12
common_live_development,semantic_poi,S9,5,68,68,fake_query_indistinguishable_paths,,paths/pair,not_available,0,68,0
common_live_development,semantic_poi,S9,5,68,68,generation_ms_per_event,,ms/event,not_available,0,68,0
common_live_development,semantic_poi,S9,5,68,68,semantic_asr_percent,,%,not_available,0,68,0
common_live_development,semantic_poi,S9,5,68,68,semantic_der,,ratio,not_available,0,68,0
common_live_development,semantic_poi,S9,5,68,68,single_release_displacement_m,,m,not_available,0,68,0
common_live_development,semantic_poi,S9,5,68,68,transprotect_delta_cost,,m,not_available,0,68,0
common_live_development,transprotect_markov,S1,5,72,72,dls_cell_entropy_bits,,bit,not_available,0,72,0
common_live_development,transprotect_markov,S1,5,72,72,eie_point_estimate_m,64.9341484268907,m,computed,72,0,12
common_live_development,transprotect_markov,S1,5,72,72,fake_query_indistinguishable_paths,,paths/pair,not_available,0,72,0
common_live_development,transprotect_markov,S1,5,72,72,generation_ms_per_event,,ms/event,not_available,0,72,0
common_live_development,transprotect_markov,S1,5,72,72,semantic_asr_percent,,%,not_available,0,72,0
common_live_development,transprotect_markov,S1,5,72,72,semantic_der,,ratio,not_available,0,72,0
common_live_development,transprotect_markov,S1,5,72,72,single_release_displacement_m,,m,not_available,0,72,0
common_live_development,transprotect_markov,S1,5,72,72,transprotect_delta_cost,,m,not_available,0,72,0
common_live_development,transprotect_markov,S10,5,64,64,dls_cell_entropy_bits,,bit,not_available,0,64,0
common_live_development,transprotect_markov,S10,5,64,64,eie_point_estimate_m,574.525356814668,m,computed,64,0,12
common_live_development,transprotect_markov,S10,5,64,64,fake_query_indistinguishable_paths,,paths/pair,not_available,0,64,0
common_live_development,transprotect_markov,S10,5,64,64,generation_ms_per_event,,ms/event,not_available,0,64,0
common_live_development,transprotect_markov,S10,5,64,64,semantic_asr_percent,,%,not_available,0,64,0
common_live_development,transprotect_markov,S10,5,64,64,semantic_der,,ratio,not_available,0,64,0
common_live_development,transprotect_markov,S10,5,64,64,single_release_displacement_m,,m,not_available,0,64,0
common_live_development,transprotect_markov,S10,5,64,64,transprotect_delta_cost,,m,not_available,0,64,0
common_live_development,transprotect_markov,S2,5,72,72,dls_cell_entropy_bits,,bit,not_available,0,72,0
common_live_development,transprotect_markov,S2,5,72,72,eie_point_estimate_m,86.6262771420453,m,computed,72,0,12
common_live_development,transprotect_markov,S2,5,72,72,fake_query_indistinguishable_paths,,paths/pair,not_available,0,72,0
common_live_development,transprotect_markov,S2,5,72,72,generation_ms_per_event,,ms/event,not_available,0,72,0
common_live_development,transprotect_markov,S2,5,72,72,semantic_asr_percent,,%,not_available,0,72,0
common_live_development,transprotect_markov,S2,5,72,72,semantic_der,,ratio,not_available,0,72,0
common_live_development,transprotect_markov,S2,5,72,72,single_release_displacement_m,,m,not_available,0,72,0
common_live_development,transprotect_markov,S2,5,72,72,transprotect_delta_cost,,m,not_available,0,72,0
common_live_development,transprotect_markov,S3,5,70,70,dls_cell_entropy_bits,,bit,not_available,0,70,0
common_live_development,transprotect_markov,S3,5,70,70,eie_point_estimate_m,77.04443043974352,m,computed,70,0,12
common_live_development,transprotect_markov,S3,5,70,70,fake_query_indistinguishable_paths,,paths/pair,not_available,0,70,0
common_live_development,transprotect_markov,S3,5,70,70,generation_ms_per_event,,ms/event,not_available,0,70,0
common_live_development,transprotect_markov,S3,5,70,70,semantic_asr_percent,,%,not_available,0,70,0
common_live_development,transprotect_markov,S3,5,70,70,semantic_der,,ratio,not_available,0,70,0
common_live_development,transprotect_markov,S3,5,70,70,single_release_displacement_m,,m,not_available,0,70,0
common_live_development,transprotect_markov,S3,5,70,70,transprotect_delta_cost,,m,not_available,0,70,0
common_live_development,transprotect_markov,S9,5,68,68,dls_cell_entropy_bits,,bit,not_available,0,68,0
common_live_development,transprotect_markov,S9,5,68,68,eie_point_estimate_m,236.45471227881023,m,computed,68,0,12
common_live_development,transprotect_markov,S9,5,68,68,fake_query_indistinguishable_paths,,paths/pair,not_available,0,68,0
common_live_development,transprotect_markov,S9,5,68,68,generation_ms_per_event,,ms/event,not_available,0,68,0
common_live_development,transprotect_markov,S9,5,68,68,semantic_asr_percent,,%,not_available,0,68,0
common_live_development,transprotect_markov,S9,5,68,68,semantic_der,,ratio,not_available,0,68,0
common_live_development,transprotect_markov,S9,5,68,68,single_release_displacement_m,,m,not_available,0,68,0
common_live_development,transprotect_markov,S9,5,68,68,transprotect_delta_cost,,m,not_available,0,68,0
common_live_new_groups,anotherme_offline,S1,5,24,8,dls_cell_entropy_bits,,bit,not_available,0,24,0
common_live_new_groups,anotherme_offline,S1,5,24,8,eie_point_estimate_m,1697.4174553253183,m,conditional,8,16,2
common_live_new_groups,anotherme_offline,S1,5,24,8,fake_query_indistinguishable_paths,,paths/pair,not_available,0,24,0
common_live_new_groups,anotherme_offline,S1,5,24,8,generation_ms_per_event,,ms/event,not_available,0,24,0
common_live_new_groups,anotherme_offline,S1,5,24,8,semantic_asr_percent,,%,not_available,0,24,0
common_live_new_groups,anotherme_offline,S1,5,24,8,semantic_der,,ratio,not_available,0,24,0
common_live_new_groups,anotherme_offline,S1,5,24,8,single_release_displacement_m,,m,not_available,0,24,0
common_live_new_groups,anotherme_offline,S1,5,24,8,transprotect_delta_cost,,m,not_available,0,24,0
common_live_new_groups,anotherme_offline,S10,5,20,3,dls_cell_entropy_bits,,bit,not_available,0,20,0
common_live_new_groups,anotherme_offline,S10,5,20,3,eie_point_estimate_m,1914.0355185347753,m,conditional,3,17,2
common_live_new_groups,anotherme_offline,S10,5,20,3,fake_query_indistinguishable_paths,,paths/pair,not_available,0,20,0
common_live_new_groups,anotherme_offline,S10,5,20,3,generation_ms_per_event,,ms/event,not_available,0,20,0
common_live_new_groups,anotherme_offline,S10,5,20,3,semantic_asr_percent,,%,not_available,0,20,0
common_live_new_groups,anotherme_offline,S10,5,20,3,semantic_der,,ratio,not_available,0,20,0
common_live_new_groups,anotherme_offline,S10,5,20,3,single_release_displacement_m,,m,not_available,0,20,0
common_live_new_groups,anotherme_offline,S10,5,20,3,transprotect_delta_cost,,m,not_available,0,20,0
common_live_new_groups,anotherme_offline,S2,5,24,0,dls_cell_entropy_bits,,bit,not_available,0,24,0
common_live_new_groups,anotherme_offline,S2,5,24,0,eie_point_estimate_m,,m,not_available,0,24,0
common_live_new_groups,anotherme_offline,S2,5,24,0,fake_query_indistinguishable_paths,,paths/pair,not_available,0,24,0
common_live_new_groups,anotherme_offline,S2,5,24,0,generation_ms_per_event,,ms/event,not_available,0,24,0
common_live_new_groups,anotherme_offline,S2,5,24,0,semantic_asr_percent,,%,not_available,0,24,0
common_live_new_groups,anotherme_offline,S2,5,24,0,semantic_der,,ratio,not_available,0,24,0
common_live_new_groups,anotherme_offline,S2,5,24,0,single_release_displacement_m,,m,not_available,0,24,0
common_live_new_groups,anotherme_offline,S2,5,24,0,transprotect_delta_cost,,m,not_available,0,24,0
common_live_new_groups,anotherme_offline,S3,5,24,12,dls_cell_entropy_bits,,bit,not_available,0,24,0
common_live_new_groups,anotherme_offline,S3,5,24,12,eie_point_estimate_m,1877.1903720162816,m,conditional,12,12,2
common_live_new_groups,anotherme_offline,S3,5,24,12,fake_query_indistinguishable_paths,,paths/pair,not_available,0,24,0
common_live_new_groups,anotherme_offline,S3,5,24,12,generation_ms_per_event,,ms/event,not_available,0,24,0
common_live_new_groups,anotherme_offline,S3,5,24,12,semantic_asr_percent,,%,not_available,0,24,0
common_live_new_groups,anotherme_offline,S3,5,24,12,semantic_der,,ratio,not_available,0,24,0
common_live_new_groups,anotherme_offline,S3,5,24,12,single_release_displacement_m,,m,not_available,0,24,0
common_live_new_groups,anotherme_offline,S3,5,24,12,transprotect_delta_cost,,m,not_available,0,24,0
common_live_new_groups,anotherme_offline,S9,5,20,7,dls_cell_entropy_bits,,bit,not_available,0,20,0
common_live_new_groups,anotherme_offline,S9,5,20,7,eie_point_estimate_m,1564.5699209144982,m,conditional,7,13,2
common_live_new_groups,anotherme_offline,S9,5,20,7,fake_query_indistinguishable_paths,,paths/pair,not_available,0,20,0
common_live_new_groups,anotherme_offline,S9,5,20,7,generation_ms_per_event,,ms/event,not_available,0,20,0
common_live_new_groups,anotherme_offline,S9,5,20,7,semantic_asr_percent,,%,not_available,0,20,0
common_live_new_groups,anotherme_offline,S9,5,20,7,semantic_der,,ratio,not_available,0,20,0
common_live_new_groups,anotherme_offline,S9,5,20,7,single_release_displacement_m,,m,not_available,0,20,0
common_live_new_groups,anotherme_offline,S9,5,20,7,transprotect_delta_cost,,m,not_available,0,20,0
common_live_new_groups,dls,S1,5,24,24,dls_cell_entropy_bits,,bit,not_available,0,24,0
common_live_new_groups,dls,S1,5,24,24,eie_point_estimate_m,1400.4667566117932,m,computed,24,0,4
common_live_new_groups,dls,S1,5,24,24,fake_query_indistinguishable_paths,,paths/pair,not_available,0,24,0
common_live_new_groups,dls,S1,5,24,24,generation_ms_per_event,,ms/event,not_available,0,24,0
common_live_new_groups,dls,S1,5,24,24,semantic_asr_percent,,%,not_available,0,24,0
common_live_new_groups,dls,S1,5,24,24,semantic_der,,ratio,not_available,0,24,0
common_live_new_groups,dls,S1,5,24,24,single_release_displacement_m,,m,not_available,0,24,0
common_live_new_groups,dls,S1,5,24,24,transprotect_delta_cost,,m,not_available,0,24,0
common_live_new_groups,dls,S10,5,20,20,dls_cell_entropy_bits,,bit,not_available,0,20,0
common_live_new_groups,dls,S10,5,20,20,eie_point_estimate_m,690.115510960125,m,computed,20,0,4
common_live_new_groups,dls,S10,5,20,20,fake_query_indistinguishable_paths,,paths/pair,not_available,0,20,0
common_live_new_groups,dls,S10,5,20,20,generation_ms_per_event,,ms/event,not_available,0,20,0
common_live_new_groups,dls,S10,5,20,20,semantic_asr_percent,,%,not_available,0,20,0
common_live_new_groups,dls,S10,5,20,20,semantic_der,,ratio,not_available,0,20,0
common_live_new_groups,dls,S10,5,20,20,single_release_displacement_m,,m,not_available,0,20,0
common_live_new_groups,dls,S10,5,20,20,transprotect_delta_cost,,m,not_available,0,20,0
common_live_new_groups,dls,S2,5,24,24,dls_cell_entropy_bits,,bit,not_available,0,24,0
common_live_new_groups,dls,S2,5,24,24,eie_point_estimate_m,1612.561252012995,m,computed,24,0,4
common_live_new_groups,dls,S2,5,24,24,fake_query_indistinguishable_paths,,paths/pair,not_available,0,24,0
common_live_new_groups,dls,S2,5,24,24,generation_ms_per_event,,ms/event,not_available,0,24,0
common_live_new_groups,dls,S2,5,24,24,semantic_asr_percent,,%,not_available,0,24,0
common_live_new_groups,dls,S2,5,24,24,semantic_der,,ratio,not_available,0,24,0
common_live_new_groups,dls,S2,5,24,24,single_release_displacement_m,,m,not_available,0,24,0
common_live_new_groups,dls,S2,5,24,24,transprotect_delta_cost,,m,not_available,0,24,0
common_live_new_groups,dls,S3,5,24,24,dls_cell_entropy_bits,,bit,not_available,0,24,0
common_live_new_groups,dls,S3,5,24,24,eie_point_estimate_m,93.29529346047919,m,computed,24,0,4
common_live_new_groups,dls,S3,5,24,24,fake_query_indistinguishable_paths,,paths/pair,not_available,0,24,0
common_live_new_groups,dls,S3,5,24,24,generation_ms_per_event,,ms/event,not_available,0,24,0
common_live_new_groups,dls,S3,5,24,24,semantic_asr_percent,,%,not_available,0,24,0
common_live_new_groups,dls,S3,5,24,24,semantic_der,,ratio,not_available,0,24,0
common_live_new_groups,dls,S3,5,24,24,single_release_displacement_m,,m,not_available,0,24,0
common_live_new_groups,dls,S3,5,24,24,transprotect_delta_cost,,m,not_available,0,24,0
common_live_new_groups,dls,S9,5,20,20,dls_cell_entropy_bits,,bit,not_available,0,20,0
common_live_new_groups,dls,S9,5,20,20,eie_point_estimate_m,1041.9702416583195,m,computed,20,0,4
common_live_new_groups,dls,S9,5,20,20,fake_query_indistinguishable_paths,,paths/pair,not_available,0,20,0
common_live_new_groups,dls,S9,5,20,20,generation_ms_per_event,,ms/event,not_available,0,20,0
common_live_new_groups,dls,S9,5,20,20,semantic_asr_percent,,%,not_available,0,20,0
common_live_new_groups,dls,S9,5,20,20,semantic_der,,ratio,not_available,0,20,0
common_live_new_groups,dls,S9,5,20,20,single_release_displacement_m,,m,not_available,0,20,0
common_live_new_groups,dls,S9,5,20,20,transprotect_delta_cost,,m,not_available,0,20,0
common_live_new_groups,fake_queries,S1,5,24,24,dls_cell_entropy_bits,,bit,not_available,0,24,0
common_live_new_groups,fake_queries,S1,5,24,24,eie_point_estimate_m,1536.0897511608202,m,computed,24,0,4
common_live_new_groups,fake_queries,S1,5,24,24,fake_query_indistinguishable_paths,,paths/pair,not_available,0,24,0
common_live_new_groups,fake_queries,S1,5,24,24,generation_ms_per_event,,ms/event,not_available,0,24,0
common_live_new_groups,fake_queries,S1,5,24,24,semantic_asr_percent,,%,not_available,0,24,0
common_live_new_groups,fake_queries,S1,5,24,24,semantic_der,,ratio,not_available,0,24,0
common_live_new_groups,fake_queries,S1,5,24,24,single_release_displacement_m,,m,not_available,0,24,0
common_live_new_groups,fake_queries,S1,5,24,24,transprotect_delta_cost,,m,not_available,0,24,0
common_live_new_groups,fake_queries,S10,5,20,20,dls_cell_entropy_bits,,bit,not_available,0,20,0
common_live_new_groups,fake_queries,S10,5,20,20,eie_point_estimate_m,689.0808115078815,m,computed,20,0,4
common_live_new_groups,fake_queries,S10,5,20,20,fake_query_indistinguishable_paths,,paths/pair,not_available,0,20,0
common_live_new_groups,fake_queries,S10,5,20,20,generation_ms_per_event,,ms/event,not_available,0,20,0
common_live_new_groups,fake_queries,S10,5,20,20,semantic_asr_percent,,%,not_available,0,20,0
common_live_new_groups,fake_queries,S10,5,20,20,semantic_der,,ratio,not_available,0,20,0
common_live_new_groups,fake_queries,S10,5,20,20,single_release_displacement_m,,m,not_available,0,20,0
common_live_new_groups,fake_queries,S10,5,20,20,transprotect_delta_cost,,m,not_available,0,20,0
common_live_new_groups,fake_queries,S2,5,24,24,dls_cell_entropy_bits,,bit,not_available,0,24,0
common_live_new_groups,fake_queries,S2,5,24,24,eie_point_estimate_m,1488.5467938303484,m,computed,24,0,4
common_live_new_groups,fake_queries,S2,5,24,24,fake_query_indistinguishable_paths,,paths/pair,not_available,0,24,0
common_live_new_groups,fake_queries,S2,5,24,24,generation_ms_per_event,,ms/event,not_available,0,24,0
common_live_new_groups,fake_queries,S2,5,24,24,semantic_asr_percent,,%,not_available,0,24,0
common_live_new_groups,fake_queries,S2,5,24,24,semantic_der,,ratio,not_available,0,24,0
common_live_new_groups,fake_queries,S2,5,24,24,single_release_displacement_m,,m,not_available,0,24,0
common_live_new_groups,fake_queries,S2,5,24,24,transprotect_delta_cost,,m,not_available,0,24,0
common_live_new_groups,fake_queries,S3,5,24,24,dls_cell_entropy_bits,,bit,not_available,0,24,0
common_live_new_groups,fake_queries,S3,5,24,24,eie_point_estimate_m,47.028602779914785,m,computed,24,0,4
common_live_new_groups,fake_queries,S3,5,24,24,fake_query_indistinguishable_paths,,paths/pair,not_available,0,24,0
common_live_new_groups,fake_queries,S3,5,24,24,generation_ms_per_event,,ms/event,not_available,0,24,0
common_live_new_groups,fake_queries,S3,5,24,24,semantic_asr_percent,,%,not_available,0,24,0
common_live_new_groups,fake_queries,S3,5,24,24,semantic_der,,ratio,not_available,0,24,0
common_live_new_groups,fake_queries,S3,5,24,24,single_release_displacement_m,,m,not_available,0,24,0
common_live_new_groups,fake_queries,S3,5,24,24,transprotect_delta_cost,,m,not_available,0,24,0
common_live_new_groups,fake_queries,S9,5,20,20,dls_cell_entropy_bits,,bit,not_available,0,20,0
common_live_new_groups,fake_queries,S9,5,20,20,eie_point_estimate_m,482.52473466114867,m,computed,20,0,4
common_live_new_groups,fake_queries,S9,5,20,20,fake_query_indistinguishable_paths,,paths/pair,not_available,0,20,0
common_live_new_groups,fake_queries,S9,5,20,20,generation_ms_per_event,,ms/event,not_available,0,20,0
common_live_new_groups,fake_queries,S9,5,20,20,semantic_asr_percent,,%,not_available,0,20,0
common_live_new_groups,fake_queries,S9,5,20,20,semantic_der,,ratio,not_available,0,20,0
common_live_new_groups,fake_queries,S9,5,20,20,single_release_displacement_m,,m,not_available,0,20,0
common_live_new_groups,fake_queries,S9,5,20,20,transprotect_delta_cost,,m,not_available,0,20,0
common_live_new_groups,raw,S1,5,24,24,dls_cell_entropy_bits,,bit,not_available,0,24,0
common_live_new_groups,raw,S1,5,24,24,eie_point_estimate_m,4.9191281884756135,m,computed,24,0,4
common_live_new_groups,raw,S1,5,24,24,fake_query_indistinguishable_paths,,paths/pair,not_available,0,24,0
common_live_new_groups,raw,S1,5,24,24,generation_ms_per_event,,ms/event,not_available,0,24,0
common_live_new_groups,raw,S1,5,24,24,semantic_asr_percent,,%,not_available,0,24,0
common_live_new_groups,raw,S1,5,24,24,semantic_der,,ratio,not_available,0,24,0
common_live_new_groups,raw,S1,5,24,24,single_release_displacement_m,,m,not_available,0,24,0
common_live_new_groups,raw,S1,5,24,24,transprotect_delta_cost,,m,not_available,0,24,0
common_live_new_groups,raw,S10,5,20,20,dls_cell_entropy_bits,,bit,not_available,0,20,0
common_live_new_groups,raw,S10,5,20,20,eie_point_estimate_m,701.1346244486673,m,computed,20,0,4
common_live_new_groups,raw,S10,5,20,20,fake_query_indistinguishable_paths,,paths/pair,not_available,0,20,0
common_live_new_groups,raw,S10,5,20,20,generation_ms_per_event,,ms/event,not_available,0,20,0
common_live_new_groups,raw,S10,5,20,20,semantic_asr_percent,,%,not_available,0,20,0
common_live_new_groups,raw,S10,5,20,20,semantic_der,,ratio,not_available,0,20,0
common_live_new_groups,raw,S10,5,20,20,single_release_displacement_m,,m,not_available,0,20,0
common_live_new_groups,raw,S10,5,20,20,transprotect_delta_cost,,m,not_available,0,20,0
common_live_new_groups,raw,S2,5,24,24,dls_cell_entropy_bits,,bit,not_available,0,24,0
common_live_new_groups,raw,S2,5,24,24,eie_point_estimate_m,6.141675849334707,m,computed,24,0,4
common_live_new_groups,raw,S2,5,24,24,fake_query_indistinguishable_paths,,paths/pair,not_available,0,24,0
common_live_new_groups,raw,S2,5,24,24,generation_ms_per_event,,ms/event,not_available,0,24,0
common_live_new_groups,raw,S2,5,24,24,semantic_asr_percent,,%,not_available,0,24,0
common_live_new_groups,raw,S2,5,24,24,semantic_der,,ratio,not_available,0,24,0
common_live_new_groups,raw,S2,5,24,24,single_release_displacement_m,,m,not_available,0,24,0
common_live_new_groups,raw,S2,5,24,24,transprotect_delta_cost,,m,not_available,0,24,0
common_live_new_groups,raw,S3,5,24,24,dls_cell_entropy_bits,,bit,not_available,0,24,0
common_live_new_groups,raw,S3,5,24,24,eie_point_estimate_m,4.082809393447737,m,computed,24,0,4
common_live_new_groups,raw,S3,5,24,24,fake_query_indistinguishable_paths,,paths/pair,not_available,0,24,0
common_live_new_groups,raw,S3,5,24,24,generation_ms_per_event,,ms/event,not_available,0,24,0
common_live_new_groups,raw,S3,5,24,24,semantic_asr_percent,,%,not_available,0,24,0
common_live_new_groups,raw,S3,5,24,24,semantic_der,,ratio,not_available,0,24,0
common_live_new_groups,raw,S3,5,24,24,single_release_displacement_m,,m,not_available,0,24,0
common_live_new_groups,raw,S3,5,24,24,transprotect_delta_cost,,m,not_available,0,24,0
common_live_new_groups,raw,S9,5,20,20,dls_cell_entropy_bits,,bit,not_available,0,20,0
common_live_new_groups,raw,S9,5,20,20,eie_point_estimate_m,206.62371698130187,m,computed,20,0,4
common_live_new_groups,raw,S9,5,20,20,fake_query_indistinguishable_paths,,paths/pair,not_available,0,20,0
common_live_new_groups,raw,S9,5,20,20,generation_ms_per_event,,ms/event,not_available,0,20,0
common_live_new_groups,raw,S9,5,20,20,semantic_asr_percent,,%,not_available,0,20,0
common_live_new_groups,raw,S9,5,20,20,semantic_der,,ratio,not_available,0,20,0
common_live_new_groups,raw,S9,5,20,20,single_release_displacement_m,,m,not_available,0,20,0
common_live_new_groups,raw,S9,5,20,20,transprotect_delta_cost,,m,not_available,0,20,0
common_live_new_groups,rdg,S1,5,24,24,dls_cell_entropy_bits,,bit,not_available,0,24,0
common_live_new_groups,rdg,S1,5,24,24,eie_point_estimate_m,1771.1128237371752,m,computed,24,0,4
common_live_new_groups,rdg,S1,5,24,24,fake_query_indistinguishable_paths,,paths/pair,not_available,0,24,0
common_live_new_groups,rdg,S1,5,24,24,generation_ms_per_event,,ms/event,not_available,0,24,0
common_live_new_groups,rdg,S1,5,24,24,semantic_asr_percent,,%,not_available,0,24,0
common_live_new_groups,rdg,S1,5,24,24,semantic_der,,ratio,not_available,0,24,0
common_live_new_groups,rdg,S1,5,24,24,single_release_displacement_m,,m,not_available,0,24,0
common_live_new_groups,rdg,S1,5,24,24,transprotect_delta_cost,,m,not_available,0,24,0
common_live_new_groups,rdg,S10,5,20,20,dls_cell_entropy_bits,,bit,not_available,0,20,0
common_live_new_groups,rdg,S10,5,20,20,eie_point_estimate_m,1812.539689985106,m,computed,20,0,4
common_live_new_groups,rdg,S10,5,20,20,fake_query_indistinguishable_paths,,paths/pair,not_available,0,20,0
common_live_new_groups,rdg,S10,5,20,20,generation_ms_per_event,,ms/event,not_available,0,20,0
common_live_new_groups,rdg,S10,5,20,20,semantic_asr_percent,,%,not_available,0,20,0
common_live_new_groups,rdg,S10,5,20,20,semantic_der,,ratio,not_available,0,20,0
common_live_new_groups,rdg,S10,5,20,20,single_release_displacement_m,,m,not_available,0,20,0
common_live_new_groups,rdg,S10,5,20,20,transprotect_delta_cost,,m,not_available,0,20,0
common_live_new_groups,rdg,S2,5,24,24,dls_cell_entropy_bits,,bit,not_available,0,24,0
common_live_new_groups,rdg,S2,5,24,24,eie_point_estimate_m,755.4920169492249,m,computed,24,0,4
common_live_new_groups,rdg,S2,5,24,24,fake_query_indistinguishable_paths,,paths/pair,not_available,0,24,0
common_live_new_groups,rdg,S2,5,24,24,generation_ms_per_event,,ms/event,not_available,0,24,0
common_live_new_groups,rdg,S2,5,24,24,semantic_asr_percent,,%,not_available,0,24,0
common_live_new_groups,rdg,S2,5,24,24,semantic_der,,ratio,not_available,0,24,0
common_live_new_groups,rdg,S2,5,24,24,single_release_displacement_m,,m,not_available,0,24,0
common_live_new_groups,rdg,S2,5,24,24,transprotect_delta_cost,,m,not_available,0,24,0
common_live_new_groups,rdg,S3,5,24,24,dls_cell_entropy_bits,,bit,not_available,0,24,0
common_live_new_groups,rdg,S3,5,24,24,eie_point_estimate_m,58.853481149138865,m,computed,24,0,4
common_live_new_groups,rdg,S3,5,24,24,fake_query_indistinguishable_paths,,paths/pair,not_available,0,24,0
common_live_new_groups,rdg,S3,5,24,24,generation_ms_per_event,,ms/event,not_available,0,24,0
common_live_new_groups,rdg,S3,5,24,24,semantic_asr_percent,,%,not_available,0,24,0
common_live_new_groups,rdg,S3,5,24,24,semantic_der,,ratio,not_available,0,24,0
common_live_new_groups,rdg,S3,5,24,24,single_release_displacement_m,,m,not_available,0,24,0
common_live_new_groups,rdg,S3,5,24,24,transprotect_delta_cost,,m,not_available,0,24,0
common_live_new_groups,rdg,S9,5,20,20,dls_cell_entropy_bits,,bit,not_available,0,20,0
common_live_new_groups,rdg,S9,5,20,20,eie_point_estimate_m,1484.42035918138,m,computed,20,0,4
common_live_new_groups,rdg,S9,5,20,20,fake_query_indistinguishable_paths,,paths/pair,not_available,0,20,0
common_live_new_groups,rdg,S9,5,20,20,generation_ms_per_event,,ms/event,not_available,0,20,0
common_live_new_groups,rdg,S9,5,20,20,semantic_asr_percent,,%,not_available,0,20,0
common_live_new_groups,rdg,S9,5,20,20,semantic_der,,ratio,not_available,0,20,0
common_live_new_groups,rdg,S9,5,20,20,single_release_displacement_m,,m,not_available,0,20,0
common_live_new_groups,rdg,S9,5,20,20,transprotect_delta_cost,,m,not_available,0,20,0
common_live_new_groups,semantic_poi,S1,5,24,24,dls_cell_entropy_bits,,bit,not_available,0,24,0
common_live_new_groups,semantic_poi,S1,5,24,24,eie_point_estimate_m,58.75287537366322,m,computed,24,0,4
common_live_new_groups,semantic_poi,S1,5,24,24,fake_query_indistinguishable_paths,,paths/pair,not_available,0,24,0
common_live_new_groups,semantic_poi,S1,5,24,24,generation_ms_per_event,,ms/event,not_available,0,24,0
common_live_new_groups,semantic_poi,S1,5,24,24,semantic_asr_percent,,%,not_available,0,24,0
common_live_new_groups,semantic_poi,S1,5,24,24,semantic_der,,ratio,not_available,0,24,0
common_live_new_groups,semantic_poi,S1,5,24,24,single_release_displacement_m,,m,not_available,0,24,0
common_live_new_groups,semantic_poi,S1,5,24,24,transprotect_delta_cost,,m,not_available,0,24,0
common_live_new_groups,semantic_poi,S10,5,20,20,dls_cell_entropy_bits,,bit,not_available,0,20,0
common_live_new_groups,semantic_poi,S10,5,20,20,eie_point_estimate_m,767.2941272965974,m,computed,20,0,4
common_live_new_groups,semantic_poi,S10,5,20,20,fake_query_indistinguishable_paths,,paths/pair,not_available,0,20,0
common_live_new_groups,semantic_poi,S10,5,20,20,generation_ms_per_event,,ms/event,not_available,0,20,0
common_live_new_groups,semantic_poi,S10,5,20,20,semantic_asr_percent,,%,not_available,0,20,0
common_live_new_groups,semantic_poi,S10,5,20,20,semantic_der,,ratio,not_available,0,20,0
common_live_new_groups,semantic_poi,S10,5,20,20,single_release_displacement_m,,m,not_available,0,20,0
common_live_new_groups,semantic_poi,S10,5,20,20,transprotect_delta_cost,,m,not_available,0,20,0
common_live_new_groups,semantic_poi,S2,5,24,24,dls_cell_entropy_bits,,bit,not_available,0,24,0
common_live_new_groups,semantic_poi,S2,5,24,24,eie_point_estimate_m,13.391475134977211,m,computed,24,0,4
common_live_new_groups,semantic_poi,S2,5,24,24,fake_query_indistinguishable_paths,,paths/pair,not_available,0,24,0
common_live_new_groups,semantic_poi,S2,5,24,24,generation_ms_per_event,,ms/event,not_available,0,24,0
common_live_new_groups,semantic_poi,S2,5,24,24,semantic_asr_percent,,%,not_available,0,24,0
common_live_new_groups,semantic_poi,S2,5,24,24,semantic_der,,ratio,not_available,0,24,0
common_live_new_groups,semantic_poi,S2,5,24,24,single_release_displacement_m,,m,not_available,0,24,0
common_live_new_groups,semantic_poi,S2,5,24,24,transprotect_delta_cost,,m,not_available,0,24,0
common_live_new_groups,semantic_poi,S3,5,24,24,dls_cell_entropy_bits,,bit,not_available,0,24,0
common_live_new_groups,semantic_poi,S3,5,24,24,eie_point_estimate_m,42.15291309130495,m,computed,24,0,4
common_live_new_groups,semantic_poi,S3,5,24,24,fake_query_indistinguishable_paths,,paths/pair,not_available,0,24,0
common_live_new_groups,semantic_poi,S3,5,24,24,generation_ms_per_event,,ms/event,not_available,0,24,0
common_live_new_groups,semantic_poi,S3,5,24,24,semantic_asr_percent,,%,not_available,0,24,0
common_live_new_groups,semantic_poi,S3,5,24,24,semantic_der,,ratio,not_available,0,24,0
common_live_new_groups,semantic_poi,S3,5,24,24,single_release_displacement_m,,m,not_available,0,24,0
common_live_new_groups,semantic_poi,S3,5,24,24,transprotect_delta_cost,,m,not_available,0,24,0
common_live_new_groups,semantic_poi,S9,5,20,20,dls_cell_entropy_bits,,bit,not_available,0,20,0
common_live_new_groups,semantic_poi,S9,5,20,20,eie_point_estimate_m,312.2316248058351,m,computed,20,0,4
common_live_new_groups,semantic_poi,S9,5,20,20,fake_query_indistinguishable_paths,,paths/pair,not_available,0,20,0
common_live_new_groups,semantic_poi,S9,5,20,20,generation_ms_per_event,,ms/event,not_available,0,20,0
common_live_new_groups,semantic_poi,S9,5,20,20,semantic_asr_percent,,%,not_available,0,20,0
common_live_new_groups,semantic_poi,S9,5,20,20,semantic_der,,ratio,not_available,0,20,0
common_live_new_groups,semantic_poi,S9,5,20,20,single_release_displacement_m,,m,not_available,0,20,0
common_live_new_groups,semantic_poi,S9,5,20,20,transprotect_delta_cost,,m,not_available,0,20,0
common_live_new_groups,transprotect_markov,S1,5,24,24,dls_cell_entropy_bits,,bit,not_available,0,24,0
common_live_new_groups,transprotect_markov,S1,5,24,24,eie_point_estimate_m,100.85834534484474,m,computed,24,0,4
common_live_new_groups,transprotect_markov,S1,5,24,24,fake_query_indistinguishable_paths,,paths/pair,not_available,0,24,0
common_live_new_groups,transprotect_markov,S1,5,24,24,generation_ms_per_event,,ms/event,not_available,0,24,0
common_live_new_groups,transprotect_markov,S1,5,24,24,semantic_asr_percent,,%,not_available,0,24,0
common_live_new_groups,transprotect_markov,S1,5,24,24,semantic_der,,ratio,not_available,0,24,0
common_live_new_groups,transprotect_markov,S1,5,24,24,single_release_displacement_m,,m,not_available,0,24,0
common_live_new_groups,transprotect_markov,S1,5,24,24,transprotect_delta_cost,,m,not_available,0,24,0
common_live_new_groups,transprotect_markov,S10,5,20,20,dls_cell_entropy_bits,,bit,not_available,0,20,0
common_live_new_groups,transprotect_markov,S10,5,20,20,eie_point_estimate_m,666.4442371085232,m,computed,20,0,4
common_live_new_groups,transprotect_markov,S10,5,20,20,fake_query_indistinguishable_paths,,paths/pair,not_available,0,20,0
common_live_new_groups,transprotect_markov,S10,5,20,20,generation_ms_per_event,,ms/event,not_available,0,20,0
common_live_new_groups,transprotect_markov,S10,5,20,20,semantic_asr_percent,,%,not_available,0,20,0
common_live_new_groups,transprotect_markov,S10,5,20,20,semantic_der,,ratio,not_available,0,20,0
common_live_new_groups,transprotect_markov,S10,5,20,20,single_release_displacement_m,,m,not_available,0,20,0
common_live_new_groups,transprotect_markov,S10,5,20,20,transprotect_delta_cost,,m,not_available,0,20,0
common_live_new_groups,transprotect_markov,S2,5,24,24,dls_cell_entropy_bits,,bit,not_available,0,24,0
common_live_new_groups,transprotect_markov,S2,5,24,24,eie_point_estimate_m,50.31418505440499,m,computed,24,0,4
common_live_new_groups,transprotect_markov,S2,5,24,24,fake_query_indistinguishable_paths,,paths/pair,not_available,0,24,0
common_live_new_groups,transprotect_markov,S2,5,24,24,generation_ms_per_event,,ms/event,not_available,0,24,0
common_live_new_groups,transprotect_markov,S2,5,24,24,semantic_asr_percent,,%,not_available,0,24,0
common_live_new_groups,transprotect_markov,S2,5,24,24,semantic_der,,ratio,not_available,0,24,0
common_live_new_groups,transprotect_markov,S2,5,24,24,single_release_displacement_m,,m,not_available,0,24,0
common_live_new_groups,transprotect_markov,S2,5,24,24,transprotect_delta_cost,,m,not_available,0,24,0
common_live_new_groups,transprotect_markov,S3,5,24,24,dls_cell_entropy_bits,,bit,not_available,0,24,0
common_live_new_groups,transprotect_markov,S3,5,24,24,eie_point_estimate_m,83.47235695723747,m,computed,24,0,4
common_live_new_groups,transprotect_markov,S3,5,24,24,fake_query_indistinguishable_paths,,paths/pair,not_available,0,24,0
common_live_new_groups,transprotect_markov,S3,5,24,24,generation_ms_per_event,,ms/event,not_available,0,24,0
common_live_new_groups,transprotect_markov,S3,5,24,24,semantic_asr_percent,,%,not_available,0,24,0
common_live_new_groups,transprotect_markov,S3,5,24,24,semantic_der,,ratio,not_available,0,24,0
common_live_new_groups,transprotect_markov,S3,5,24,24,single_release_displacement_m,,m,not_available,0,24,0
common_live_new_groups,transprotect_markov,S3,5,24,24,transprotect_delta_cost,,m,not_available,0,24,0
common_live_new_groups,transprotect_markov,S9,5,20,20,dls_cell_entropy_bits,,bit,not_available,0,20,0
common_live_new_groups,transprotect_markov,S9,5,20,20,eie_point_estimate_m,219.42163995527304,m,computed,20,0,4
common_live_new_groups,transprotect_markov,S9,5,20,20,fake_query_indistinguishable_paths,,paths/pair,not_available,0,20,0
common_live_new_groups,transprotect_markov,S9,5,20,20,generation_ms_per_event,,ms/event,not_available,0,20,0
common_live_new_groups,transprotect_markov,S9,5,20,20,semantic_asr_percent,,%,not_available,0,20,0
common_live_new_groups,transprotect_markov,S9,5,20,20,semantic_der,,ratio,not_available,0,20,0
common_live_new_groups,transprotect_markov,S9,5,20,20,single_release_displacement_m,,m,not_available,0,20,0
common_live_new_groups,transprotect_markov,S9,5,20,20,transprotect_delta_cost,,m,not_available,0,20,0
geoi_expanded_development,filter_paced,S1,5,72,72,dls_cell_entropy_bits,,bit,not_available,0,72,0
geoi_expanded_development,filter_paced,S1,5,72,72,eie_point_estimate_m,1420.5975736615098,m,computed,72,0,12
geoi_expanded_development,filter_paced,S1,5,72,72,fake_query_indistinguishable_paths,,paths/pair,not_available,0,72,0
geoi_expanded_development,filter_paced,S1,5,72,72,generation_ms_per_event,,ms/event,not_available,0,72,0
geoi_expanded_development,filter_paced,S1,5,72,72,semantic_asr_percent,,%,not_available,0,72,0
geoi_expanded_development,filter_paced,S1,5,72,72,semantic_der,,ratio,not_available,0,72,0
geoi_expanded_development,filter_paced,S1,5,72,72,single_release_displacement_m,,m,not_available,0,72,0
geoi_expanded_development,filter_paced,S1,5,72,72,transprotect_delta_cost,,m,not_available,0,72,0
geoi_expanded_development,filter_paced,S10,5,48,48,dls_cell_entropy_bits,,bit,not_available,0,48,0
geoi_expanded_development,filter_paced,S10,5,48,48,eie_point_estimate_m,1343.272935965992,m,computed,48,0,12
geoi_expanded_development,filter_paced,S10,5,48,48,fake_query_indistinguishable_paths,,paths/pair,not_available,0,48,0
geoi_expanded_development,filter_paced,S10,5,48,48,generation_ms_per_event,,ms/event,not_available,0,48,0
geoi_expanded_development,filter_paced,S10,5,48,48,semantic_asr_percent,,%,not_available,0,48,0
geoi_expanded_development,filter_paced,S10,5,48,48,semantic_der,,ratio,not_available,0,48,0
geoi_expanded_development,filter_paced,S10,5,48,48,single_release_displacement_m,,m,not_available,0,48,0
geoi_expanded_development,filter_paced,S10,5,48,48,transprotect_delta_cost,,m,not_available,0,48,0
geoi_expanded_development,filter_paced,S2,5,72,72,dls_cell_entropy_bits,,bit,not_available,0,72,0
geoi_expanded_development,filter_paced,S2,5,72,72,eie_point_estimate_m,735.1788251857603,m,computed,72,0,12
geoi_expanded_development,filter_paced,S2,5,72,72,fake_query_indistinguishable_paths,,paths/pair,not_available,0,72,0
geoi_expanded_development,filter_paced,S2,5,72,72,generation_ms_per_event,,ms/event,not_available,0,72,0
geoi_expanded_development,filter_paced,S2,5,72,72,semantic_asr_percent,,%,not_available,0,72,0
geoi_expanded_development,filter_paced,S2,5,72,72,semantic_der,,ratio,not_available,0,72,0
geoi_expanded_development,filter_paced,S2,5,72,72,single_release_displacement_m,,m,not_available,0,72,0
geoi_expanded_development,filter_paced,S2,5,72,72,transprotect_delta_cost,,m,not_available,0,72,0
geoi_expanded_development,filter_paced,S3,5,70,70,dls_cell_entropy_bits,,bit,not_available,0,70,0
geoi_expanded_development,filter_paced,S3,5,70,70,eie_point_estimate_m,1009.0671439376034,m,computed,70,0,12
geoi_expanded_development,filter_paced,S3,5,70,70,fake_query_indistinguishable_paths,,paths/pair,not_available,0,70,0
geoi_expanded_development,filter_paced,S3,5,70,70,generation_ms_per_event,,ms/event,not_available,0,70,0
geoi_expanded_development,filter_paced,S3,5,70,70,semantic_asr_percent,,%,not_available,0,70,0
geoi_expanded_development,filter_paced,S3,5,70,70,semantic_der,,ratio,not_available,0,70,0
geoi_expanded_development,filter_paced,S3,5,70,70,single_release_displacement_m,,m,not_available,0,70,0
geoi_expanded_development,filter_paced,S3,5,70,70,transprotect_delta_cost,,m,not_available,0,70,0
geoi_expanded_development,filter_paced,S9,5,68,68,dls_cell_entropy_bits,,bit,not_available,0,68,0
geoi_expanded_development,filter_paced,S9,5,68,68,eie_point_estimate_m,663.0938228434911,m,computed,68,0,12
geoi_expanded_development,filter_paced,S9,5,68,68,fake_query_indistinguishable_paths,,paths/pair,not_available,0,68,0
geoi_expanded_development,filter_paced,S9,5,68,68,generation_ms_per_event,,ms/event,not_available,0,68,0
geoi_expanded_development,filter_paced,S9,5,68,68,semantic_asr_percent,,%,not_available,0,68,0
geoi_expanded_development,filter_paced,S9,5,68,68,semantic_der,,ratio,not_available,0,68,0
geoi_expanded_development,filter_paced,S9,5,68,68,single_release_displacement_m,,m,not_available,0,68,0
geoi_expanded_development,filter_paced,S9,5,68,68,transprotect_delta_cost,,m,not_available,0,68,0
geoi_expanded_development,raw,S1,5,72,72,dls_cell_entropy_bits,,bit,not_available,0,72,0
geoi_expanded_development,raw,S1,5,72,72,eie_point_estimate_m,0.0,m,computed,72,0,12
geoi_expanded_development,raw,S1,5,72,72,fake_query_indistinguishable_paths,,paths/pair,not_available,0,72,0
geoi_expanded_development,raw,S1,5,72,72,generation_ms_per_event,,ms/event,not_available,0,72,0
geoi_expanded_development,raw,S1,5,72,72,semantic_asr_percent,,%,not_available,0,72,0
geoi_expanded_development,raw,S1,5,72,72,semantic_der,,ratio,not_available,0,72,0
geoi_expanded_development,raw,S1,5,72,72,single_release_displacement_m,,m,not_available,0,72,0
geoi_expanded_development,raw,S1,5,72,72,transprotect_delta_cost,,m,not_available,0,72,0
geoi_expanded_development,raw,S10,5,48,48,dls_cell_entropy_bits,,bit,not_available,0,48,0
geoi_expanded_development,raw,S10,5,48,48,eie_point_estimate_m,190.53333450413237,m,computed,48,0,12
geoi_expanded_development,raw,S10,5,48,48,fake_query_indistinguishable_paths,,paths/pair,not_available,0,48,0
geoi_expanded_development,raw,S10,5,48,48,generation_ms_per_event,,ms/event,not_available,0,48,0
geoi_expanded_development,raw,S10,5,48,48,semantic_asr_percent,,%,not_available,0,48,0
geoi_expanded_development,raw,S10,5,48,48,semantic_der,,ratio,not_available,0,48,0
geoi_expanded_development,raw,S10,5,48,48,single_release_displacement_m,,m,not_available,0,48,0
geoi_expanded_development,raw,S10,5,48,48,transprotect_delta_cost,,m,not_available,0,48,0
geoi_expanded_development,raw,S2,5,72,72,dls_cell_entropy_bits,,bit,not_available,0,72,0
geoi_expanded_development,raw,S2,5,72,72,eie_point_estimate_m,0.0015443752226321774,m,computed,72,0,12
geoi_expanded_development,raw,S2,5,72,72,fake_query_indistinguishable_paths,,paths/pair,not_available,0,72,0
geoi_expanded_development,raw,S2,5,72,72,generation_ms_per_event,,ms/event,not_available,0,72,0
geoi_expanded_development,raw,S2,5,72,72,semantic_asr_percent,,%,not_available,0,72,0
geoi_expanded_development,raw,S2,5,72,72,semantic_der,,ratio,not_available,0,72,0
geoi_expanded_development,raw,S2,5,72,72,single_release_displacement_m,,m,not_available,0,72,0
geoi_expanded_development,raw,S2,5,72,72,transprotect_delta_cost,,m,not_available,0,72,0
geoi_expanded_development,raw,S3,5,70,70,dls_cell_entropy_bits,,bit,not_available,0,70,0
geoi_expanded_development,raw,S3,5,70,70,eie_point_estimate_m,0.0,m,computed,70,0,12
geoi_expanded_development,raw,S3,5,70,70,fake_query_indistinguishable_paths,,paths/pair,not_available,0,70,0
geoi_expanded_development,raw,S3,5,70,70,generation_ms_per_event,,ms/event,not_available,0,70,0
geoi_expanded_development,raw,S3,5,70,70,semantic_asr_percent,,%,not_available,0,70,0
geoi_expanded_development,raw,S3,5,70,70,semantic_der,,ratio,not_available,0,70,0
geoi_expanded_development,raw,S3,5,70,70,single_release_displacement_m,,m,not_available,0,70,0
geoi_expanded_development,raw,S3,5,70,70,transprotect_delta_cost,,m,not_available,0,70,0
geoi_expanded_development,raw,S9,5,68,68,dls_cell_entropy_bits,,bit,not_available,0,68,0
geoi_expanded_development,raw,S9,5,68,68,eie_point_estimate_m,155.57547666947843,m,computed,68,0,12
geoi_expanded_development,raw,S9,5,68,68,fake_query_indistinguishable_paths,,paths/pair,not_available,0,68,0
geoi_expanded_development,raw,S9,5,68,68,generation_ms_per_event,,ms/event,not_available,0,68,0
geoi_expanded_development,raw,S9,5,68,68,semantic_asr_percent,,%,not_available,0,68,0
geoi_expanded_development,raw,S9,5,68,68,semantic_der,,ratio,not_available,0,68,0
geoi_expanded_development,raw,S9,5,68,68,single_release_displacement_m,,m,not_available,0,68,0
geoi_expanded_development,raw,S9,5,68,68,transprotect_delta_cost,,m,not_available,0,68,0
geoi_expanded_development,response_paced,S1,5,72,72,dls_cell_entropy_bits,,bit,not_available,0,72,0
geoi_expanded_development,response_paced,S1,5,72,72,eie_point_estimate_m,1442.0925178359937,m,computed,72,0,12
geoi_expanded_development,response_paced,S1,5,72,72,fake_query_indistinguishable_paths,,paths/pair,not_available,0,72,0
geoi_expanded_development,response_paced,S1,5,72,72,generation_ms_per_event,,ms/event,not_available,0,72,0
geoi_expanded_development,response_paced,S1,5,72,72,semantic_asr_percent,,%,not_available,0,72,0
geoi_expanded_development,response_paced,S1,5,72,72,semantic_der,,ratio,not_available,0,72,0
geoi_expanded_development,response_paced,S1,5,72,72,single_release_displacement_m,,m,not_available,0,72,0
geoi_expanded_development,response_paced,S1,5,72,72,transprotect_delta_cost,,m,not_available,0,72,0
geoi_expanded_development,response_paced,S10,5,48,48,dls_cell_entropy_bits,,bit,not_available,0,48,0
geoi_expanded_development,response_paced,S10,5,48,48,eie_point_estimate_m,1384.2195484858821,m,computed,48,0,12
geoi_expanded_development,response_paced,S10,5,48,48,fake_query_indistinguishable_paths,,paths/pair,not_available,0,48,0
geoi_expanded_development,response_paced,S10,5,48,48,generation_ms_per_event,,ms/event,not_available,0,48,0
geoi_expanded_development,response_paced,S10,5,48,48,semantic_asr_percent,,%,not_available,0,48,0
geoi_expanded_development,response_paced,S10,5,48,48,semantic_der,,ratio,not_available,0,48,0
geoi_expanded_development,response_paced,S10,5,48,48,single_release_displacement_m,,m,not_available,0,48,0
geoi_expanded_development,response_paced,S10,5,48,48,transprotect_delta_cost,,m,not_available,0,48,0
geoi_expanded_development,response_paced,S2,5,72,72,dls_cell_entropy_bits,,bit,not_available,0,72,0
geoi_expanded_development,response_paced,S2,5,72,72,eie_point_estimate_m,802.3744478614921,m,computed,72,0,12
geoi_expanded_development,response_paced,S2,5,72,72,fake_query_indistinguishable_paths,,paths/pair,not_available,0,72,0
geoi_expanded_development,response_paced,S2,5,72,72,generation_ms_per_event,,ms/event,not_available,0,72,0
geoi_expanded_development,response_paced,S2,5,72,72,semantic_asr_percent,,%,not_available,0,72,0
geoi_expanded_development,response_paced,S2,5,72,72,semantic_der,,ratio,not_available,0,72,0
geoi_expanded_development,response_paced,S2,5,72,72,single_release_displacement_m,,m,not_available,0,72,0
geoi_expanded_development,response_paced,S2,5,72,72,transprotect_delta_cost,,m,not_available,0,72,0
geoi_expanded_development,response_paced,S3,5,70,70,dls_cell_entropy_bits,,bit,not_available,0,70,0
geoi_expanded_development,response_paced,S3,5,70,70,eie_point_estimate_m,1088.1549693400325,m,computed,70,0,12
geoi_expanded_development,response_paced,S3,5,70,70,fake_query_indistinguishable_paths,,paths/pair,not_available,0,70,0
geoi_expanded_development,response_paced,S3,5,70,70,generation_ms_per_event,,ms/event,not_available,0,70,0
geoi_expanded_development,response_paced,S3,5,70,70,semantic_asr_percent,,%,not_available,0,70,0
geoi_expanded_development,response_paced,S3,5,70,70,semantic_der,,ratio,not_available,0,70,0
geoi_expanded_development,response_paced,S3,5,70,70,single_release_displacement_m,,m,not_available,0,70,0
geoi_expanded_development,response_paced,S3,5,70,70,transprotect_delta_cost,,m,not_available,0,70,0
geoi_expanded_development,response_paced,S9,5,68,68,dls_cell_entropy_bits,,bit,not_available,0,68,0
geoi_expanded_development,response_paced,S9,5,68,68,eie_point_estimate_m,668.6725372749175,m,computed,68,0,12
geoi_expanded_development,response_paced,S9,5,68,68,fake_query_indistinguishable_paths,,paths/pair,not_available,0,68,0
geoi_expanded_development,response_paced,S9,5,68,68,generation_ms_per_event,,ms/event,not_available,0,68,0
geoi_expanded_development,response_paced,S9,5,68,68,semantic_asr_percent,,%,not_available,0,68,0
geoi_expanded_development,response_paced,S9,5,68,68,semantic_der,,ratio,not_available,0,68,0
geoi_expanded_development,response_paced,S9,5,68,68,single_release_displacement_m,,m,not_available,0,68,0
geoi_expanded_development,response_paced,S9,5,68,68,transprotect_delta_cost,,m,not_available,0,68,0
geoi_expanded_development,response_paced_slack03,S1,5,72,72,dls_cell_entropy_bits,,bit,not_available,0,72,0
geoi_expanded_development,response_paced_slack03,S1,5,72,72,eie_point_estimate_m,1119.4814523456942,m,computed,72,0,12
geoi_expanded_development,response_paced_slack03,S1,5,72,72,fake_query_indistinguishable_paths,,paths/pair,not_available,0,72,0
geoi_expanded_development,response_paced_slack03,S1,5,72,72,generation_ms_per_event,,ms/event,not_available,0,72,0
geoi_expanded_development,response_paced_slack03,S1,5,72,72,semantic_asr_percent,,%,not_available,0,72,0
geoi_expanded_development,response_paced_slack03,S1,5,72,72,semantic_der,,ratio,not_available,0,72,0
geoi_expanded_development,response_paced_slack03,S1,5,72,72,single_release_displacement_m,,m,not_available,0,72,0
geoi_expanded_development,response_paced_slack03,S1,5,72,72,transprotect_delta_cost,,m,not_available,0,72,0
geoi_expanded_development,response_paced_slack03,S10,5,48,48,dls_cell_entropy_bits,,bit,not_available,0,48,0
geoi_expanded_development,response_paced_slack03,S10,5,48,48,eie_point_estimate_m,1272.501408785678,m,computed,48,0,12
geoi_expanded_development,response_paced_slack03,S10,5,48,48,fake_query_indistinguishable_paths,,paths/pair,not_available,0,48,0
geoi_expanded_development,response_paced_slack03,S10,5,48,48,generation_ms_per_event,,ms/event,not_available,0,48,0
geoi_expanded_development,response_paced_slack03,S10,5,48,48,semantic_asr_percent,,%,not_available,0,48,0
geoi_expanded_development,response_paced_slack03,S10,5,48,48,semantic_der,,ratio,not_available,0,48,0
geoi_expanded_development,response_paced_slack03,S10,5,48,48,single_release_displacement_m,,m,not_available,0,48,0
geoi_expanded_development,response_paced_slack03,S10,5,48,48,transprotect_delta_cost,,m,not_available,0,48,0
geoi_expanded_development,response_paced_slack03,S2,5,72,72,dls_cell_entropy_bits,,bit,not_available,0,72,0
geoi_expanded_development,response_paced_slack03,S2,5,72,72,eie_point_estimate_m,873.9337148109711,m,computed,72,0,12
geoi_expanded_development,response_paced_slack03,S2,5,72,72,fake_query_indistinguishable_paths,,paths/pair,not_available,0,72,0
geoi_expanded_development,response_paced_slack03,S2,5,72,72,generation_ms_per_event,,ms/event,not_available,0,72,0
geoi_expanded_development,response_paced_slack03,S2,5,72,72,semantic_asr_percent,,%,not_available,0,72,0
geoi_expanded_development,response_paced_slack03,S2,5,72,72,semantic_der,,ratio,not_available,0,72,0
geoi_expanded_development,response_paced_slack03,S2,5,72,72,single_release_displacement_m,,m,not_available,0,72,0
geoi_expanded_development,response_paced_slack03,S2,5,72,72,transprotect_delta_cost,,m,not_available,0,72,0
geoi_expanded_development,response_paced_slack03,S3,5,70,70,dls_cell_entropy_bits,,bit,not_available,0,70,0
geoi_expanded_development,response_paced_slack03,S3,5,70,70,eie_point_estimate_m,904.286804656157,m,computed,70,0,12
geoi_expanded_development,response_paced_slack03,S3,5,70,70,fake_query_indistinguishable_paths,,paths/pair,not_available,0,70,0
geoi_expanded_development,response_paced_slack03,S3,5,70,70,generation_ms_per_event,,ms/event,not_available,0,70,0
geoi_expanded_development,response_paced_slack03,S3,5,70,70,semantic_asr_percent,,%,not_available,0,70,0
geoi_expanded_development,response_paced_slack03,S3,5,70,70,semantic_der,,ratio,not_available,0,70,0
geoi_expanded_development,response_paced_slack03,S3,5,70,70,single_release_displacement_m,,m,not_available,0,70,0
geoi_expanded_development,response_paced_slack03,S3,5,70,70,transprotect_delta_cost,,m,not_available,0,70,0
geoi_expanded_development,response_paced_slack03,S9,5,68,68,dls_cell_entropy_bits,,bit,not_available,0,68,0
geoi_expanded_development,response_paced_slack03,S9,5,68,68,eie_point_estimate_m,607.42729313858,m,computed,68,0,12
geoi_expanded_development,response_paced_slack03,S9,5,68,68,fake_query_indistinguishable_paths,,paths/pair,not_available,0,68,0
geoi_expanded_development,response_paced_slack03,S9,5,68,68,generation_ms_per_event,,ms/event,not_available,0,68,0
geoi_expanded_development,response_paced_slack03,S9,5,68,68,semantic_asr_percent,,%,not_available,0,68,0
geoi_expanded_development,response_paced_slack03,S9,5,68,68,semantic_der,,ratio,not_available,0,68,0
geoi_expanded_development,response_paced_slack03,S9,5,68,68,single_release_displacement_m,,m,not_available,0,68,0
geoi_expanded_development,response_paced_slack03,S9,5,68,68,transprotect_delta_cost,,m,not_available,0,68,0
geoi_expanded_development,response_progress,S1,5,72,72,dls_cell_entropy_bits,,bit,not_available,0,72,0
geoi_expanded_development,response_progress,S1,5,72,72,eie_point_estimate_m,1577.9862521904563,m,computed,72,0,12
geoi_expanded_development,response_progress,S1,5,72,72,fake_query_indistinguishable_paths,,paths/pair,not_available,0,72,0
geoi_expanded_development,response_progress,S1,5,72,72,generation_ms_per_event,,ms/event,not_available,0,72,0
geoi_expanded_development,response_progress,S1,5,72,72,semantic_asr_percent,,%,not_available,0,72,0
geoi_expanded_development,response_progress,S1,5,72,72,semantic_der,,ratio,not_available,0,72,0
geoi_expanded_development,response_progress,S1,5,72,72,single_release_displacement_m,,m,not_available,0,72,0
geoi_expanded_development,response_progress,S1,5,72,72,transprotect_delta_cost,,m,not_available,0,72,0
geoi_expanded_development,response_progress,S10,5,48,48,dls_cell_entropy_bits,,bit,not_available,0,48,0
geoi_expanded_development,response_progress,S10,5,48,48,eie_point_estimate_m,1650.2748717600398,m,computed,48,0,12
geoi_expanded_development,response_progress,S10,5,48,48,fake_query_indistinguishable_paths,,paths/pair,not_available,0,48,0
geoi_expanded_development,response_progress,S10,5,48,48,generation_ms_per_event,,ms/event,not_available,0,48,0
geoi_expanded_development,response_progress,S10,5,48,48,semantic_asr_percent,,%,not_available,0,48,0
geoi_expanded_development,response_progress,S10,5,48,48,semantic_der,,ratio,not_available,0,48,0
geoi_expanded_development,response_progress,S10,5,48,48,single_release_displacement_m,,m,not_available,0,48,0
geoi_expanded_development,response_progress,S10,5,48,48,transprotect_delta_cost,,m,not_available,0,48,0
geoi_expanded_development,response_progress,S2,5,72,72,dls_cell_entropy_bits,,bit,not_available,0,72,0
geoi_expanded_development,response_progress,S2,5,72,72,eie_point_estimate_m,815.2542886666157,m,computed,72,0,12
geoi_expanded_development,response_progress,S2,5,72,72,fake_query_indistinguishable_paths,,paths/pair,not_available,0,72,0
geoi_expanded_development,response_progress,S2,5,72,72,generation_ms_per_event,,ms/event,not_available,0,72,0
geoi_expanded_development,response_progress,S2,5,72,72,semantic_asr_percent,,%,not_available,0,72,0
geoi_expanded_development,response_progress,S2,5,72,72,semantic_der,,ratio,not_available,0,72,0
geoi_expanded_development,response_progress,S2,5,72,72,single_release_displacement_m,,m,not_available,0,72,0
geoi_expanded_development,response_progress,S2,5,72,72,transprotect_delta_cost,,m,not_available,0,72,0
geoi_expanded_development,response_progress,S3,5,70,70,dls_cell_entropy_bits,,bit,not_available,0,70,0
geoi_expanded_development,response_progress,S3,5,70,70,eie_point_estimate_m,1106.5291669415167,m,computed,70,0,12
geoi_expanded_development,response_progress,S3,5,70,70,fake_query_indistinguishable_paths,,paths/pair,not_available,0,70,0
geoi_expanded_development,response_progress,S3,5,70,70,generation_ms_per_event,,ms/event,not_available,0,70,0
geoi_expanded_development,response_progress,S3,5,70,70,semantic_asr_percent,,%,not_available,0,70,0
geoi_expanded_development,response_progress,S3,5,70,70,semantic_der,,ratio,not_available,0,70,0
geoi_expanded_development,response_progress,S3,5,70,70,single_release_displacement_m,,m,not_available,0,70,0
geoi_expanded_development,response_progress,S3,5,70,70,transprotect_delta_cost,,m,not_available,0,70,0
geoi_expanded_development,response_progress,S9,5,68,68,dls_cell_entropy_bits,,bit,not_available,0,68,0
geoi_expanded_development,response_progress,S9,5,68,68,eie_point_estimate_m,645.9991297292378,m,computed,68,0,12
geoi_expanded_development,response_progress,S9,5,68,68,fake_query_indistinguishable_paths,,paths/pair,not_available,0,68,0
geoi_expanded_development,response_progress,S9,5,68,68,generation_ms_per_event,,ms/event,not_available,0,68,0
geoi_expanded_development,response_progress,S9,5,68,68,semantic_asr_percent,,%,not_available,0,68,0
geoi_expanded_development,response_progress,S9,5,68,68,semantic_der,,ratio,not_available,0,68,0
geoi_expanded_development,response_progress,S9,5,68,68,single_release_displacement_m,,m,not_available,0,68,0
geoi_expanded_development,response_progress,S9,5,68,68,transprotect_delta_cost,,m,not_available,0,68,0
paper_v2_test,anotherme_adaptation,S1,5,12,0,dls_cell_entropy_bits,,bit,not_available,0,12,0
paper_v2_test,anotherme_adaptation,S1,5,12,0,eie_point_estimate_m,,m,not_available,0,12,0
paper_v2_test,anotherme_adaptation,S1,5,12,0,fake_query_indistinguishable_paths,,paths/pair,not_available,0,12,0
paper_v2_test,anotherme_adaptation,S1,5,12,0,generation_ms_per_event,,ms/event,not_available,0,12,0
paper_v2_test,anotherme_adaptation,S1,5,12,0,semantic_asr_percent,,%,not_available,0,12,0
paper_v2_test,anotherme_adaptation,S1,5,12,0,semantic_der,,ratio,not_available,0,12,0
paper_v2_test,anotherme_adaptation,S1,5,12,0,single_release_displacement_m,,m,not_available,0,12,0
paper_v2_test,anotherme_adaptation,S1,5,12,0,transprotect_delta_cost,,m,not_available,0,12,0
paper_v2_test,anotherme_adaptation,S10,5,12,0,dls_cell_entropy_bits,,bit,not_available,0,12,0
paper_v2_test,anotherme_adaptation,S10,5,12,0,eie_point_estimate_m,,m,not_available,0,12,0
paper_v2_test,anotherme_adaptation,S10,5,12,0,fake_query_indistinguishable_paths,,paths/pair,not_available,0,12,0
paper_v2_test,anotherme_adaptation,S10,5,12,0,generation_ms_per_event,,ms/event,not_available,0,12,0
paper_v2_test,anotherme_adaptation,S10,5,12,0,semantic_asr_percent,,%,not_available,0,12,0
paper_v2_test,anotherme_adaptation,S10,5,12,0,semantic_der,,ratio,not_available,0,12,0
paper_v2_test,anotherme_adaptation,S10,5,12,0,single_release_displacement_m,,m,not_available,0,12,0
paper_v2_test,anotherme_adaptation,S10,5,12,0,transprotect_delta_cost,,m,not_available,0,12,0
paper_v2_test,anotherme_adaptation,S2,5,12,0,dls_cell_entropy_bits,,bit,not_available,0,12,0
paper_v2_test,anotherme_adaptation,S2,5,12,0,eie_point_estimate_m,,m,not_available,0,12,0
paper_v2_test,anotherme_adaptation,S2,5,12,0,fake_query_indistinguishable_paths,,paths/pair,not_available,0,12,0
paper_v2_test,anotherme_adaptation,S2,5,12,0,generation_ms_per_event,,ms/event,not_available,0,12,0
paper_v2_test,anotherme_adaptation,S2,5,12,0,semantic_asr_percent,,%,not_available,0,12,0
paper_v2_test,anotherme_adaptation,S2,5,12,0,semantic_der,,ratio,not_available,0,12,0
paper_v2_test,anotherme_adaptation,S2,5,12,0,single_release_displacement_m,,m,not_available,0,12,0
paper_v2_test,anotherme_adaptation,S2,5,12,0,transprotect_delta_cost,,m,not_available,0,12,0
paper_v2_test,anotherme_adaptation,S3,5,12,11,dls_cell_entropy_bits,,bit,not_available,0,12,0
paper_v2_test,anotherme_adaptation,S3,5,12,11,eie_point_estimate_m,2355.8865872580454,m,conditional,11,1,3
paper_v2_test,anotherme_adaptation,S3,5,12,11,fake_query_indistinguishable_paths,,paths/pair,not_available,0,12,0
paper_v2_test,anotherme_adaptation,S3,5,12,11,generation_ms_per_event,1.6227231657046648,ms/event,conditional,11,1,3
paper_v2_test,anotherme_adaptation,S3,5,12,11,semantic_asr_percent,,%,not_available,0,12,0
paper_v2_test,anotherme_adaptation,S3,5,12,11,semantic_der,,ratio,not_available,0,12,0
paper_v2_test,anotherme_adaptation,S3,5,12,11,single_release_displacement_m,1858.8274264503834,m,conditional,11,1,3
paper_v2_test,anotherme_adaptation,S3,5,12,11,transprotect_delta_cost,,m,not_available,0,12,0
paper_v2_test,anotherme_adaptation,S9,5,12,0,dls_cell_entropy_bits,,bit,not_available,0,12,0
paper_v2_test,anotherme_adaptation,S9,5,12,0,eie_point_estimate_m,,m,not_available,0,12,0
paper_v2_test,anotherme_adaptation,S9,5,12,0,fake_query_indistinguishable_paths,,paths/pair,not_available,0,12,0
paper_v2_test,anotherme_adaptation,S9,5,12,0,generation_ms_per_event,,ms/event,not_available,0,12,0
paper_v2_test,anotherme_adaptation,S9,5,12,0,semantic_asr_percent,,%,not_available,0,12,0
paper_v2_test,anotherme_adaptation,S9,5,12,0,semantic_der,,ratio,not_available,0,12,0
paper_v2_test,anotherme_adaptation,S9,5,12,0,single_release_displacement_m,,m,not_available,0,12,0
paper_v2_test,anotherme_adaptation,S9,5,12,0,transprotect_delta_cost,,m,not_available,0,12,0
paper_v2_test,br_private,S1,5,12,12,dls_cell_entropy_bits,,bit,not_available,0,12,0
paper_v2_test,br_private,S1,5,12,12,eie_point_estimate_m,298.89999007773145,m,computed,12,0,3
paper_v2_test,br_private,S1,5,12,12,fake_query_indistinguishable_paths,,paths/pair,not_available,0,12,0
paper_v2_test,br_private,S1,5,12,12,generation_ms_per_event,2.6082291660713963,ms/event,computed,12,0,3
paper_v2_test,br_private,S1,5,12,12,semantic_asr_percent,,%,not_available,0,12,0
paper_v2_test,br_private,S1,5,12,12,semantic_der,,ratio,not_available,0,12,0
paper_v2_test,br_private,S1,5,12,12,single_release_displacement_m,,m,not_available,0,12,0
paper_v2_test,br_private,S1,5,12,12,transprotect_delta_cost,,m,not_available,0,12,0
paper_v2_test,br_private,S10,5,12,12,dls_cell_entropy_bits,,bit,not_available,0,12,0
paper_v2_test,br_private,S10,5,12,12,eie_point_estimate_m,2314.593370731777,m,computed,12,0,3
paper_v2_test,br_private,S10,5,12,12,fake_query_indistinguishable_paths,,paths/pair,not_available,0,12,0
paper_v2_test,br_private,S10,5,12,12,generation_ms_per_event,5.919395528002902,ms/event,computed,12,0,3
paper_v2_test,br_private,S10,5,12,12,semantic_asr_percent,,%,not_available,0,12,0
paper_v2_test,br_private,S10,5,12,12,semantic_der,,ratio,not_available,0,12,0
paper_v2_test,br_private,S10,5,12,12,single_release_displacement_m,,m,not_available,0,12,0
paper_v2_test,br_private,S10,5,12,12,transprotect_delta_cost,,m,not_available,0,12,0
paper_v2_test,br_private,S2,5,12,12,dls_cell_entropy_bits,,bit,not_available,0,12,0
paper_v2_test,br_private,S2,5,12,12,eie_point_estimate_m,247.3393404753333,m,computed,12,0,3
paper_v2_test,br_private,S2,5,12,12,fake_query_indistinguishable_paths,,paths/pair,not_available,0,12,0
paper_v2_test,br_private,S2,5,12,12,generation_ms_per_event,5.912611481983698,ms/event,computed,12,0,3
paper_v2_test,br_private,S2,5,12,12,semantic_asr_percent,,%,not_available,0,12,0
paper_v2_test,br_private,S2,5,12,12,semantic_der,,ratio,not_available,0,12,0
paper_v2_test,br_private,S2,5,12,12,single_release_displacement_m,,m,not_available,0,12,0
paper_v2_test,br_private,S2,5,12,12,transprotect_delta_cost,,m,not_available,0,12,0
paper_v2_test,br_private,S3,5,12,12,dls_cell_entropy_bits,,bit,not_available,0,12,0
paper_v2_test,br_private,S3,5,12,12,eie_point_estimate_m,776.3218444428136,m,computed,12,0,3
paper_v2_test,br_private,S3,5,12,12,fake_query_indistinguishable_paths,,paths/pair,not_available,0,12,0
paper_v2_test,br_private,S3,5,12,12,generation_ms_per_event,6.368856534430052,ms/event,computed,12,0,3
paper_v2_test,br_private,S3,5,12,12,semantic_asr_percent,,%,not_available,0,12,0
paper_v2_test,br_private,S3,5,12,12,semantic_der,,ratio,not_available,0,12,0
paper_v2_test,br_private,S3,5,12,12,single_release_displacement_m,,m,not_available,0,12,0
paper_v2_test,br_private,S3,5,12,12,transprotect_delta_cost,,m,not_available,0,12,0
paper_v2_test,br_private,S9,5,12,12,dls_cell_entropy_bits,,bit,not_available,0,12,0
paper_v2_test,br_private,S9,5,12,12,eie_point_estimate_m,315.96858310286194,m,computed,12,0,3
paper_v2_test,br_private,S9,5,12,12,fake_query_indistinguishable_paths,,paths/pair,not_available,0,12,0
paper_v2_test,br_private,S9,5,12,12,generation_ms_per_event,6.169536750247871,ms/event,computed,12,0,3
paper_v2_test,br_private,S9,5,12,12,semantic_asr_percent,,%,not_available,0,12,0
paper_v2_test,br_private,S9,5,12,12,semantic_der,,ratio,not_available,0,12,0
paper_v2_test,br_private,S9,5,12,12,single_release_displacement_m,,m,not_available,0,12,0
paper_v2_test,br_private,S9,5,12,12,transprotect_delta_cost,,m,not_available,0,12,0
paper_v2_test,dls_graph_adaptation,S1,5,12,12,dls_cell_entropy_bits,,bit,not_available,0,12,0
paper_v2_test,dls_graph_adaptation,S1,5,12,12,eie_point_estimate_m,1317.529922887533,m,computed,12,0,3
paper_v2_test,dls_graph_adaptation,S1,5,12,12,fake_query_indistinguishable_paths,,paths/pair,not_available,0,12,0
paper_v2_test,dls_graph_adaptation,S1,5,12,12,generation_ms_per_event,1.2401077522857424,ms/event,computed,12,0,3
paper_v2_test,dls_graph_adaptation,S1,5,12,12,semantic_asr_percent,,%,not_available,0,12,0
paper_v2_test,dls_graph_adaptation,S1,5,12,12,semantic_der,,ratio,not_available,0,12,0
paper_v2_test,dls_graph_adaptation,S1,5,12,12,single_release_displacement_m,,m,not_available,0,12,0
paper_v2_test,dls_graph_adaptation,S1,5,12,12,transprotect_delta_cost,,m,not_available,0,12,0
paper_v2_test,dls_graph_adaptation,S10,5,12,12,dls_cell_entropy_bits,,bit,not_available,0,12,0
paper_v2_test,dls_graph_adaptation,S10,5,12,12,eie_point_estimate_m,2028.9636865411474,m,computed,12,0,3
paper_v2_test,dls_graph_adaptation,S10,5,12,12,fake_query_indistinguishable_paths,,paths/pair,not_available,0,12,0
paper_v2_test,dls_graph_adaptation,S10,5,12,12,generation_ms_per_event,0.9497609998005728,ms/event,computed,12,0,3
paper_v2_test,dls_graph_adaptation,S10,5,12,12,semantic_asr_percent,,%,not_available,0,12,0
paper_v2_test,dls_graph_adaptation,S10,5,12,12,semantic_der,,ratio,not_available,0,12,0
paper_v2_test,dls_graph_adaptation,S10,5,12,12,single_release_displacement_m,,m,not_available,0,12,0
paper_v2_test,dls_graph_adaptation,S10,5,12,12,transprotect_delta_cost,,m,not_available,0,12,0
paper_v2_test,dls_graph_adaptation,S2,5,12,12,dls_cell_entropy_bits,,bit,not_available,0,12,0
paper_v2_test,dls_graph_adaptation,S2,5,12,12,eie_point_estimate_m,38.719092422208035,m,computed,12,0,3
paper_v2_test,dls_graph_adaptation,S2,5,12,12,fake_query_indistinguishable_paths,,paths/pair,not_available,0,12,0
paper_v2_test,dls_graph_adaptation,S2,5,12,12,generation_ms_per_event,0.8878464259733274,ms/event,computed,12,0,3
paper_v2_test,dls_graph_adaptation,S2,5,12,12,semantic_asr_percent,,%,not_available,0,12,0
paper_v2_test,dls_graph_adaptation,S2,5,12,12,semantic_der,,ratio,not_available,0,12,0
paper_v2_test,dls_graph_adaptation,S2,5,12,12,single_release_displacement_m,,m,not_available,0,12,0
paper_v2_test,dls_graph_adaptation,S2,5,12,12,transprotect_delta_cost,,m,not_available,0,12,0
paper_v2_test,dls_graph_adaptation,S3,5,12,12,dls_cell_entropy_bits,,bit,not_available,0,12,0
paper_v2_test,dls_graph_adaptation,S3,5,12,12,eie_point_estimate_m,1687.6741403031663,m,computed,12,0,3
paper_v2_test,dls_graph_adaptation,S3,5,12,12,fake_query_indistinguishable_paths,,paths/pair,not_available,0,12,0
paper_v2_test,dls_graph_adaptation,S3,5,12,12,generation_ms_per_event,1.095242239039292,ms/event,computed,12,0,3
paper_v2_test,dls_graph_adaptation,S3,5,12,12,semantic_asr_percent,,%,not_available,0,12,0
paper_v2_test,dls_graph_adaptation,S3,5,12,12,semantic_der,,ratio,not_available,0,12,0
paper_v2_test,dls_graph_adaptation,S3,5,12,12,single_release_displacement_m,,m,not_available,0,12,0
paper_v2_test,dls_graph_adaptation,S3,5,12,12,transprotect_delta_cost,,m,not_available,0,12,0
paper_v2_test,dls_graph_adaptation,S9,5,12,12,dls_cell_entropy_bits,,bit,not_available,0,12,0
paper_v2_test,dls_graph_adaptation,S9,5,12,12,eie_point_estimate_m,1581.9429218810221,m,computed,12,0,3
paper_v2_test,dls_graph_adaptation,S9,5,12,12,fake_query_indistinguishable_paths,,paths/pair,not_available,0,12,0
paper_v2_test,dls_graph_adaptation,S9,5,12,12,generation_ms_per_event,0.8927430763934455,ms/event,computed,12,0,3
paper_v2_test,dls_graph_adaptation,S9,5,12,12,semantic_asr_percent,,%,not_available,0,12,0
paper_v2_test,dls_graph_adaptation,S9,5,12,12,semantic_der,,ratio,not_available,0,12,0
paper_v2_test,dls_graph_adaptation,S9,5,12,12,single_release_displacement_m,,m,not_available,0,12,0
paper_v2_test,dls_graph_adaptation,S9,5,12,12,transprotect_delta_cost,,m,not_available,0,12,0
paper_v2_test,geo_i_anchored_dummy,S1,5,12,12,dls_cell_entropy_bits,,bit,not_available,0,12,0
paper_v2_test,geo_i_anchored_dummy,S1,5,12,12,eie_point_estimate_m,93.64357664799458,m,computed,12,0,3
paper_v2_test,geo_i_anchored_dummy,S1,5,12,12,fake_query_indistinguishable_paths,,paths/pair,not_available,0,12,0
paper_v2_test,geo_i_anchored_dummy,S1,5,12,12,generation_ms_per_event,0.4346663360289919,ms/event,computed,12,0,3
paper_v2_test,geo_i_anchored_dummy,S1,5,12,12,semantic_asr_percent,,%,not_available,0,12,0
paper_v2_test,geo_i_anchored_dummy,S1,5,12,12,semantic_der,,ratio,not_available,0,12,0
paper_v2_test,geo_i_anchored_dummy,S1,5,12,12,single_release_displacement_m,,m,not_available,0,12,0
paper_v2_test,geo_i_anchored_dummy,S1,5,12,12,transprotect_delta_cost,,m,not_available,0,12,0
paper_v2_test,geo_i_anchored_dummy,S10,5,12,12,dls_cell_entropy_bits,,bit,not_available,0,12,0
paper_v2_test,geo_i_anchored_dummy,S10,5,12,12,eie_point_estimate_m,636.3556527038489,m,computed,12,0,3
paper_v2_test,geo_i_anchored_dummy,S10,5,12,12,fake_query_indistinguishable_paths,,paths/pair,not_available,0,12,0
paper_v2_test,geo_i_anchored_dummy,S10,5,12,12,generation_ms_per_event,0.2679224582809386,ms/event,computed,12,0,3
paper_v2_test,geo_i_anchored_dummy,S10,5,12,12,semantic_asr_percent,,%,not_available,0,12,0
paper_v2_test,geo_i_anchored_dummy,S10,5,12,12,semantic_der,,ratio,not_available,0,12,0
paper_v2_test,geo_i_anchored_dummy,S10,5,12,12,single_release_displacement_m,,m,not_available,0,12,0
paper_v2_test,geo_i_anchored_dummy,S10,5,12,12,transprotect_delta_cost,,m,not_available,0,12,0
paper_v2_test,geo_i_anchored_dummy,S2,5,12,12,dls_cell_entropy_bits,,bit,not_available,0,12,0
paper_v2_test,geo_i_anchored_dummy,S2,5,12,12,eie_point_estimate_m,105.19787740675201,m,computed,12,0,3
paper_v2_test,geo_i_anchored_dummy,S2,5,12,12,fake_query_indistinguishable_paths,,paths/pair,not_available,0,12,0
paper_v2_test,geo_i_anchored_dummy,S2,5,12,12,generation_ms_per_event,0.281747296361977,ms/event,computed,12,0,3
paper_v2_test,geo_i_anchored_dummy,S2,5,12,12,semantic_asr_percent,,%,not_available,0,12,0
paper_v2_test,geo_i_anchored_dummy,S2,5,12,12,semantic_der,,ratio,not_available,0,12,0
paper_v2_test,geo_i_anchored_dummy,S2,5,12,12,single_release_displacement_m,,m,not_available,0,12,0
paper_v2_test,geo_i_anchored_dummy,S2,5,12,12,transprotect_delta_cost,,m,not_available,0,12,0
paper_v2_test,geo_i_anchored_dummy,S3,5,12,12,dls_cell_entropy_bits,,bit,not_available,0,12,0
paper_v2_test,geo_i_anchored_dummy,S3,5,12,12,eie_point_estimate_m,144.49240910830733,m,computed,12,0,3
paper_v2_test,geo_i_anchored_dummy,S3,5,12,12,fake_query_indistinguishable_paths,,paths/pair,not_available,0,12,0
paper_v2_test,geo_i_anchored_dummy,S3,5,12,12,generation_ms_per_event,0.29108608164062305,ms/event,computed,12,0,3
paper_v2_test,geo_i_anchored_dummy,S3,5,12,12,semantic_asr_percent,,%,not_available,0,12,0
paper_v2_test,geo_i_anchored_dummy,S3,5,12,12,semantic_der,,ratio,not_available,0,12,0
paper_v2_test,geo_i_anchored_dummy,S3,5,12,12,single_release_displacement_m,,m,not_available,0,12,0
paper_v2_test,geo_i_anchored_dummy,S3,5,12,12,transprotect_delta_cost,,m,not_available,0,12,0
paper_v2_test,geo_i_anchored_dummy,S9,5,12,12,dls_cell_entropy_bits,,bit,not_available,0,12,0
paper_v2_test,geo_i_anchored_dummy,S9,5,12,12,eie_point_estimate_m,307.1453145605802,m,computed,12,0,3
paper_v2_test,geo_i_anchored_dummy,S9,5,12,12,fake_query_indistinguishable_paths,,paths/pair,not_available,0,12,0
paper_v2_test,geo_i_anchored_dummy,S9,5,12,12,generation_ms_per_event,0.2540552706907167,ms/event,computed,12,0,3
paper_v2_test,geo_i_anchored_dummy,S9,5,12,12,semantic_asr_percent,,%,not_available,0,12,0
paper_v2_test,geo_i_anchored_dummy,S9,5,12,12,semantic_der,,ratio,not_available,0,12,0
paper_v2_test,geo_i_anchored_dummy,S9,5,12,12,single_release_displacement_m,,m,not_available,0,12,0
paper_v2_test,geo_i_anchored_dummy,S9,5,12,12,transprotect_delta_cost,,m,not_available,0,12,0
paper_v2_test,geo_i_anchored_dummy_road,S1,5,12,12,dls_cell_entropy_bits,,bit,not_available,0,12,0
paper_v2_test,geo_i_anchored_dummy_road,S1,5,12,12,eie_point_estimate_m,237.0090289730448,m,computed,12,0,3
paper_v2_test,geo_i_anchored_dummy_road,S1,5,12,12,fake_query_indistinguishable_paths,,paths/pair,not_available,0,12,0
paper_v2_test,geo_i_anchored_dummy_road,S1,5,12,12,generation_ms_per_event,0.3972363338107243,ms/event,computed,12,0,3
paper_v2_test,geo_i_anchored_dummy_road,S1,5,12,12,semantic_asr_percent,,%,not_available,0,12,0
paper_v2_test,geo_i_anchored_dummy_road,S1,5,12,12,semantic_der,,ratio,not_available,0,12,0
paper_v2_test,geo_i_anchored_dummy_road,S1,5,12,12,single_release_displacement_m,,m,not_available,0,12,0
paper_v2_test,geo_i_anchored_dummy_road,S1,5,12,12,transprotect_delta_cost,,m,not_available,0,12,0
paper_v2_test,geo_i_anchored_dummy_road,S10,5,12,12,dls_cell_entropy_bits,,bit,not_available,0,12,0
paper_v2_test,geo_i_anchored_dummy_road,S10,5,12,12,eie_point_estimate_m,2682.369821799373,m,computed,12,0,3
paper_v2_test,geo_i_anchored_dummy_road,S10,5,12,12,fake_query_indistinguishable_paths,,paths/pair,not_available,0,12,0
paper_v2_test,geo_i_anchored_dummy_road,S10,5,12,12,generation_ms_per_event,0.9021756389605192,ms/event,computed,12,0,3
paper_v2_test,geo_i_anchored_dummy_road,S10,5,12,12,semantic_asr_percent,,%,not_available,0,12,0
paper_v2_test,geo_i_anchored_dummy_road,S10,5,12,12,semantic_der,,ratio,not_available,0,12,0
paper_v2_test,geo_i_anchored_dummy_road,S10,5,12,12,single_release_displacement_m,,m,not_available,0,12,0
paper_v2_test,geo_i_anchored_dummy_road,S10,5,12,12,transprotect_delta_cost,,m,not_available,0,12,0
paper_v2_test,geo_i_anchored_dummy_road,S2,5,12,12,dls_cell_entropy_bits,,bit,not_available,0,12,0
paper_v2_test,geo_i_anchored_dummy_road,S2,5,12,12,eie_point_estimate_m,121.23980643988087,m,computed,12,0,3
paper_v2_test,geo_i_anchored_dummy_road,S2,5,12,12,fake_query_indistinguishable_paths,,paths/pair,not_available,0,12,0
paper_v2_test,geo_i_anchored_dummy_road,S2,5,12,12,generation_ms_per_event,1.131468361159528,ms/event,computed,12,0,3
paper_v2_test,geo_i_anchored_dummy_road,S2,5,12,12,semantic_asr_percent,,%,not_available,0,12,0
paper_v2_test,geo_i_anchored_dummy_road,S2,5,12,12,semantic_der,,ratio,not_available,0,12,0
paper_v2_test,geo_i_anchored_dummy_road,S2,5,12,12,single_release_displacement_m,,m,not_available,0,12,0
paper_v2_test,geo_i_anchored_dummy_road,S2,5,12,12,transprotect_delta_cost,,m,not_available,0,12,0
paper_v2_test,geo_i_anchored_dummy_road,S3,5,12,12,dls_cell_entropy_bits,,bit,not_available,0,12,0
paper_v2_test,geo_i_anchored_dummy_road,S3,5,12,12,eie_point_estimate_m,1908.6474605599408,m,computed,12,0,3
paper_v2_test,geo_i_anchored_dummy_road,S3,5,12,12,fake_query_indistinguishable_paths,,paths/pair,not_available,0,12,0
paper_v2_test,geo_i_anchored_dummy_road,S3,5,12,12,generation_ms_per_event,1.2080347548266819,ms/event,computed,12,0,3
paper_v2_test,geo_i_anchored_dummy_road,S3,5,12,12,semantic_asr_percent,,%,not_available,0,12,0
paper_v2_test,geo_i_anchored_dummy_road,S3,5,12,12,semantic_der,,ratio,not_available,0,12,0
paper_v2_test,geo_i_anchored_dummy_road,S3,5,12,12,single_release_displacement_m,,m,not_available,0,12,0
paper_v2_test,geo_i_anchored_dummy_road,S3,5,12,12,transprotect_delta_cost,,m,not_available,0,12,0
paper_v2_test,geo_i_anchored_dummy_road,S9,5,12,12,dls_cell_entropy_bits,,bit,not_available,0,12,0
paper_v2_test,geo_i_anchored_dummy_road,S9,5,12,12,eie_point_estimate_m,216.87887875076083,m,computed,12,0,3
paper_v2_test,geo_i_anchored_dummy_road,S9,5,12,12,fake_query_indistinguishable_paths,,paths/pair,not_available,0,12,0
paper_v2_test,geo_i_anchored_dummy_road,S9,5,12,12,generation_ms_per_event,1.1292876109412948,ms/event,computed,12,0,3
paper_v2_test,geo_i_anchored_dummy_road,S9,5,12,12,semantic_asr_percent,,%,not_available,0,12,0
paper_v2_test,geo_i_anchored_dummy_road,S9,5,12,12,semantic_der,,ratio,not_available,0,12,0
paper_v2_test,geo_i_anchored_dummy_road,S9,5,12,12,single_release_displacement_m,,m,not_available,0,12,0
paper_v2_test,geo_i_anchored_dummy_road,S9,5,12,12,transprotect_delta_cost,,m,not_available,0,12,0
paper_v2_test,semantic_correlation_local_adaptation,S1,5,12,12,dls_cell_entropy_bits,,bit,not_available,0,12,0
paper_v2_test,semantic_correlation_local_adaptation,S1,5,12,12,eie_point_estimate_m,11.479628636641406,m,computed,12,0,3
paper_v2_test,semantic_correlation_local_adaptation,S1,5,12,12,fake_query_indistinguishable_paths,,paths/pair,not_available,0,12,0
paper_v2_test,semantic_correlation_local_adaptation,S1,5,12,12,generation_ms_per_event,1.2133508353144862,ms/event,computed,12,0,3
paper_v2_test,semantic_correlation_local_adaptation,S1,5,12,12,semantic_asr_percent,,%,not_available,0,12,0
paper_v2_test,semantic_correlation_local_adaptation,S1,5,12,12,semantic_der,,ratio,not_available,0,12,0
paper_v2_test,semantic_correlation_local_adaptation,S1,5,12,12,single_release_displacement_m,,m,not_available,0,12,0
paper_v2_test,semantic_correlation_local_adaptation,S1,5,12,12,transprotect_delta_cost,,m,not_available,0,12,0
paper_v2_test,semantic_correlation_local_adaptation,S10,5,12,12,dls_cell_entropy_bits,,bit,not_available,0,12,0
paper_v2_test,semantic_correlation_local_adaptation,S10,5,12,12,eie_point_estimate_m,730.5307651334442,m,computed,12,0,3
paper_v2_test,semantic_correlation_local_adaptation,S10,5,12,12,fake_query_indistinguishable_paths,,paths/pair,not_available,0,12,0
paper_v2_test,semantic_correlation_local_adaptation,S10,5,12,12,generation_ms_per_event,1.339090284899511,ms/event,computed,12,0,3
paper_v2_test,semantic_correlation_local_adaptation,S10,5,12,12,semantic_asr_percent,,%,not_available,0,12,0
paper_v2_test,semantic_correlation_local_adaptation,S10,5,12,12,semantic_der,,ratio,not_available,0,12,0
paper_v2_test,semantic_correlation_local_adaptation,S10,5,12,12,single_release_displacement_m,,m,not_available,0,12,0
paper_v2_test,semantic_correlation_local_adaptation,S10,5,12,12,transprotect_delta_cost,,m,not_available,0,12,0
paper_v2_test,semantic_correlation_local_adaptation,S2,5,12,12,dls_cell_entropy_bits,,bit,not_available,0,12,0
paper_v2_test,semantic_correlation_local_adaptation,S2,5,12,12,eie_point_estimate_m,41.614312137929694,m,computed,12,0,3
paper_v2_test,semantic_correlation_local_adaptation,S2,5,12,12,fake_query_indistinguishable_paths,,paths/pair,not_available,0,12,0
paper_v2_test,semantic_correlation_local_adaptation,S2,5,12,12,generation_ms_per_event,0.9177365187766823,ms/event,computed,12,0,3
paper_v2_test,semantic_correlation_local_adaptation,S2,5,12,12,semantic_asr_percent,,%,not_available,0,12,0
paper_v2_test,semantic_correlation_local_adaptation,S2,5,12,12,semantic_der,,ratio,not_available,0,12,0
paper_v2_test,semantic_correlation_local_adaptation,S2,5,12,12,single_release_displacement_m,,m,not_available,0,12,0
paper_v2_test,semantic_correlation_local_adaptation,S2,5,12,12,transprotect_delta_cost,,m,not_available,0,12,0
paper_v2_test,semantic_correlation_local_adaptation,S3,5,12,12,dls_cell_entropy_bits,,bit,not_available,0,12,0
paper_v2_test,semantic_correlation_local_adaptation,S3,5,12,12,eie_point_estimate_m,257.03808571442806,m,computed,12,0,3
paper_v2_test,semantic_correlation_local_adaptation,S3,5,12,12,fake_query_indistinguishable_paths,,paths/pair,not_available,0,12,0
paper_v2_test,semantic_correlation_local_adaptation,S3,5,12,12,generation_ms_per_event,1.2804218489084935,ms/event,computed,12,0,3
paper_v2_test,semantic_correlation_local_adaptation,S3,5,12,12,semantic_asr_percent,,%,not_available,0,12,0
paper_v2_test,semantic_correlation_local_adaptation,S3,5,12,12,semantic_der,,ratio,not_available,0,12,0
paper_v2_test,semantic_correlation_local_adaptation,S3,5,12,12,single_release_displacement_m,,m,not_available,0,12,0
paper_v2_test,semantic_correlation_local_adaptation,S3,5,12,12,transprotect_delta_cost,,m,not_available,0,12,0
paper_v2_test,semantic_correlation_local_adaptation,S9,5,12,12,dls_cell_entropy_bits,,bit,not_available,0,12,0
paper_v2_test,semantic_correlation_local_adaptation,S9,5,12,12,eie_point_estimate_m,131.8584803932091,m,computed,12,0,3
paper_v2_test,semantic_correlation_local_adaptation,S9,5,12,12,fake_query_indistinguishable_paths,,paths/pair,not_available,0,12,0
paper_v2_test,semantic_correlation_local_adaptation,S9,5,12,12,generation_ms_per_event,1.079448784568942,ms/event,computed,12,0,3
paper_v2_test,semantic_correlation_local_adaptation,S9,5,12,12,semantic_asr_percent,,%,not_available,0,12,0
paper_v2_test,semantic_correlation_local_adaptation,S9,5,12,12,semantic_der,,ratio,not_available,0,12,0
paper_v2_test,semantic_correlation_local_adaptation,S9,5,12,12,single_release_displacement_m,,m,not_available,0,12,0
paper_v2_test,semantic_correlation_local_adaptation,S9,5,12,12,transprotect_delta_cost,,m,not_available,0,12,0
paper_v2_test,transprotect_adaptation,S1,5,12,12,dls_cell_entropy_bits,,bit,not_available,0,12,0
paper_v2_test,transprotect_adaptation,S1,5,12,12,eie_point_estimate_m,84.37405489799114,m,computed,12,0,3
paper_v2_test,transprotect_adaptation,S1,5,12,12,fake_query_indistinguishable_paths,,paths/pair,not_available,0,12,0
paper_v2_test,transprotect_adaptation,S1,5,12,12,generation_ms_per_event,0.5408505821833387,ms/event,computed,12,0,3
paper_v2_test,transprotect_adaptation,S1,5,12,12,semantic_asr_percent,,%,not_available,0,12,0
paper_v2_test,transprotect_adaptation,S1,5,12,12,semantic_der,,ratio,not_available,0,12,0
paper_v2_test,transprotect_adaptation,S1,5,12,12,single_release_displacement_m,82.57462548361048,m,computed,12,0,3
paper_v2_test,transprotect_adaptation,S1,5,12,12,transprotect_delta_cost,,m,not_available,0,12,0
paper_v2_test,transprotect_adaptation,S10,5,12,12,dls_cell_entropy_bits,,bit,not_available,0,12,0
paper_v2_test,transprotect_adaptation,S10,5,12,12,eie_point_estimate_m,679.7587811731856,m,computed,12,0,3
paper_v2_test,transprotect_adaptation,S10,5,12,12,fake_query_indistinguishable_paths,,paths/pair,not_available,0,12,0
paper_v2_test,transprotect_adaptation,S10,5,12,12,generation_ms_per_event,0.3303726803601927,ms/event,computed,12,0,3
paper_v2_test,transprotect_adaptation,S10,5,12,12,semantic_asr_percent,,%,not_available,0,12,0
paper_v2_test,transprotect_adaptation,S10,5,12,12,semantic_der,,ratio,not_available,0,12,0
paper_v2_test,transprotect_adaptation,S10,5,12,12,single_release_displacement_m,87.77173014209967,m,computed,12,0,3
paper_v2_test,transprotect_adaptation,S10,5,12,12,transprotect_delta_cost,,m,not_available,0,12,0
paper_v2_test,transprotect_adaptation,S2,5,12,12,dls_cell_entropy_bits,,bit,not_available,0,12,0
paper_v2_test,transprotect_adaptation,S2,5,12,12,eie_point_estimate_m,88.22411948024465,m,computed,12,0,3
paper_v2_test,transprotect_adaptation,S2,5,12,12,fake_query_indistinguishable_paths,,paths/pair,not_available,0,12,0
paper_v2_test,transprotect_adaptation,S2,5,12,12,generation_ms_per_event,0.273716064974131,ms/event,computed,12,0,3
paper_v2_test,transprotect_adaptation,S2,5,12,12,semantic_asr_percent,,%,not_available,0,12,0
paper_v2_test,transprotect_adaptation,S2,5,12,12,semantic_der,,ratio,not_available,0,12,0
paper_v2_test,transprotect_adaptation,S2,5,12,12,single_release_displacement_m,111.9297147142858,m,computed,12,0,3
paper_v2_test,transprotect_adaptation,S2,5,12,12,transprotect_delta_cost,,m,not_available,0,12,0
paper_v2_test,transprotect_adaptation,S3,5,12,12,dls_cell_entropy_bits,,bit,not_available,0,12,0
paper_v2_test,transprotect_adaptation,S3,5,12,12,eie_point_estimate_m,99.02892666205695,m,computed,12,0,3
paper_v2_test,transprotect_adaptation,S3,5,12,12,fake_query_indistinguishable_paths,,paths/pair,not_available,0,12,0
paper_v2_test,transprotect_adaptation,S3,5,12,12,generation_ms_per_event,0.3498888116724868,ms/event,computed,12,0,3
paper_v2_test,transprotect_adaptation,S3,5,12,12,semantic_asr_percent,,%,not_available,0,12,0
paper_v2_test,transprotect_adaptation,S3,5,12,12,semantic_der,,ratio,not_available,0,12,0
paper_v2_test,transprotect_adaptation,S3,5,12,12,single_release_displacement_m,97.65832187366925,m,computed,12,0,3
paper_v2_test,transprotect_adaptation,S3,5,12,12,transprotect_delta_cost,,m,not_available,0,12,0
paper_v2_test,transprotect_adaptation,S9,5,12,12,dls_cell_entropy_bits,,bit,not_available,0,12,0
paper_v2_test,transprotect_adaptation,S9,5,12,12,eie_point_estimate_m,184.08174862661323,m,computed,12,0,3
paper_v2_test,transprotect_adaptation,S9,5,12,12,fake_query_indistinguishable_paths,,paths/pair,not_available,0,12,0
paper_v2_test,transprotect_adaptation,S9,5,12,12,generation_ms_per_event,0.2770648126089428,ms/event,computed,12,0,3
paper_v2_test,transprotect_adaptation,S9,5,12,12,semantic_asr_percent,,%,not_available,0,12,0
paper_v2_test,transprotect_adaptation,S9,5,12,12,semantic_der,,ratio,not_available,0,12,0
paper_v2_test,transprotect_adaptation,S9,5,12,12,single_release_displacement_m,116.16956731840865,m,computed,12,0,3
paper_v2_test,transprotect_adaptation,S9,5,12,12,transprotect_delta_cost,,m,not_available,0,12,0
paper_v2_test,unprotected,S1,5,12,12,dls_cell_entropy_bits,,bit,not_available,0,12,0
paper_v2_test,unprotected,S1,5,12,12,eie_point_estimate_m,13.370105148407958,m,computed,12,0,3
paper_v2_test,unprotected,S1,5,12,12,fake_query_indistinguishable_paths,,paths/pair,not_available,0,12,0
paper_v2_test,unprotected,S1,5,12,12,generation_ms_per_event,0.03318058831306795,ms/event,computed,12,0,3
paper_v2_test,unprotected,S1,5,12,12,semantic_asr_percent,,%,not_available,0,12,0
paper_v2_test,unprotected,S1,5,12,12,semantic_der,,ratio,not_available,0,12,0
paper_v2_test,unprotected,S1,5,12,12,single_release_displacement_m,13.370105148272776,m,computed,12,0,3
paper_v2_test,unprotected,S1,5,12,12,transprotect_delta_cost,,m,not_available,0,12,0
paper_v2_test,unprotected,S10,5,12,12,dls_cell_entropy_bits,,bit,not_available,0,12,0
paper_v2_test,unprotected,S10,5,12,12,eie_point_estimate_m,629.6182081231224,m,computed,12,0,3
paper_v2_test,unprotected,S10,5,12,12,fake_query_indistinguishable_paths,,paths/pair,not_available,0,12,0
paper_v2_test,unprotected,S10,5,12,12,generation_ms_per_event,0.00502286093251314,ms/event,computed,12,0,3
paper_v2_test,unprotected,S10,5,12,12,semantic_asr_percent,,%,not_available,0,12,0
paper_v2_test,unprotected,S10,5,12,12,semantic_der,,ratio,not_available,0,12,0
paper_v2_test,unprotected,S10,5,12,12,single_release_displacement_m,21.81852204746221,m,computed,12,0,3
paper_v2_test,unprotected,S10,5,12,12,transprotect_delta_cost,,m,not_available,0,12,0
paper_v2_test,unprotected,S2,5,12,12,dls_cell_entropy_bits,,bit,not_available,0,12,0
paper_v2_test,unprotected,S2,5,12,12,eie_point_estimate_m,38.719092422208035,m,computed,12,0,3
paper_v2_test,unprotected,S2,5,12,12,fake_query_indistinguishable_paths,,paths/pair,not_available,0,12,0
paper_v2_test,unprotected,S2,5,12,12,generation_ms_per_event,0.006481870648847823,ms/event,computed,12,0,3
paper_v2_test,unprotected,S2,5,12,12,semantic_asr_percent,,%,not_available,0,12,0
paper_v2_test,unprotected,S2,5,12,12,semantic_der,,ratio,not_available,0,12,0
paper_v2_test,unprotected,S2,5,12,12,single_release_displacement_m,38.7190924224741,m,computed,12,0,3
paper_v2_test,unprotected,S2,5,12,12,transprotect_delta_cost,,m,not_available,0,12,0
paper_v2_test,unprotected,S3,5,12,12,dls_cell_entropy_bits,,bit,not_available,0,12,0
paper_v2_test,unprotected,S3,5,12,12,eie_point_estimate_m,23.48529075756173,m,computed,12,0,3
paper_v2_test,unprotected,S3,5,12,12,fake_query_indistinguishable_paths,,paths/pair,not_available,0,12,0
paper_v2_test,unprotected,S3,5,12,12,generation_ms_per_event,0.005910711227042086,ms/event,computed,12,0,3
paper_v2_test,unprotected,S3,5,12,12,semantic_asr_percent,,%,not_available,0,12,0
paper_v2_test,unprotected,S3,5,12,12,semantic_der,,ratio,not_available,0,12,0
paper_v2_test,unprotected,S3,5,12,12,single_release_displacement_m,23.485290757702472,m,computed,12,0,3
paper_v2_test,unprotected,S3,5,12,12,transprotect_delta_cost,,m,not_available,0,12,0
paper_v2_test,unprotected,S9,5,12,12,dls_cell_entropy_bits,,bit,not_available,0,12,0
paper_v2_test,unprotected,S9,5,12,12,eie_point_estimate_m,120.17438701610119,m,computed,12,0,3
paper_v2_test,unprotected,S9,5,12,12,fake_query_indistinguishable_paths,,paths/pair,not_available,0,12,0
paper_v2_test,unprotected,S9,5,12,12,generation_ms_per_event,0.004549770690371386,ms/event,computed,12,0,3
paper_v2_test,unprotected,S9,5,12,12,semantic_asr_percent,,%,not_available,0,12,0
paper_v2_test,unprotected,S9,5,12,12,semantic_der,,ratio,not_available,0,12,0
paper_v2_test,unprotected,S9,5,12,12,single_release_displacement_m,33.2036510795043,m,computed,12,0,3
paper_v2_test,unprotected,S9,5,12,12,transprotect_delta_cost,,m,not_available,0,12,0
